Player,Team,Age,Pos,G,MP,PTS,TRB,AST,STL,BLK,FGA,FTA,TOV,FG%,3P%,eFG%,FT%,W,L,PS/G,PA/G
A.J. Lawson,TOR,25.0,N/A,2,8.2,6.0,2.5,0.0,0.0,1.0,5.0,1.0,0.0,0.4,0.5,0.5,1.0,0,2,115.8,113.89999999999999
AJ Green,MIL,26.0,N/A,24,29.0,11.3,2.8,2.1,0.5,0.1,7.3,1.0,0.8,0.489,0.485,0.7191780821917808,0.792,10,14,115.1,118.0
AJ Johnson,WAS,21.0,N/A,10,4.5,0.7,0.6,0.4,0.0,0.0,1.3,0.4,0.2,0.154,0.0,0.15384615384615385,0.75,0,10,112.4,128.3
Aaron Gordon,DEN,30.0,N/A,13,28.3,18.8,5.9,1.3,0.8,0.2,11.8,4.6,1.4,0.532,0.444,0.6271186440677966,0.867,10,3,125.0,116.3
Aaron Holiday,HOU,29.0,N/A,16,17.1,9.1,1.0,1.2,0.5,0.2,6.3,1.7,0.9,0.455,0.433,0.6031746031746031,0.889,13,3,120.9,110.30000000000001
Aaron Nesmith,IND,26.0,N/A,11,30.4,15.5,4.5,1.5,0.8,0.3,13.4,3.5,0.7,0.367,0.373,0.4701492537313433,0.795,1,10,111.3,118.89999999999999
Aaron Wiggins,OKC,26.0,N/A,13,25.4,13.8,3.2,2.2,0.5,0.6,10.8,1.0,1.2,0.486,0.434,0.5972222222222222,0.769,12,1,123.0,106.8
Ace Bailey,UTA,19.0,N/A,23,23.2,10.3,3.3,1.7,0.8,0.3,9.0,1.0,1.4,0.447,0.365,0.5277777777777778,0.773,8,15,117.6,125.8
Adem Bona,PHI,22.0,N/A,17,16.1,3.5,3.7,0.2,0.4,1.5,2.4,1.4,0.7,0.55,0.333,0.5625000000000001,0.583,11,6,116.9,116.10000000000001
Adou Thiero,LAL,21.0,N/A,8,6.4,1.3,0.8,0.1,0.3,0.0,0.6,0.6,0.4,0.6,0.0,0.6666666666666667,0.8,6,2,118.3,116.1
Ajay Mitchell,OKC,23.0,N/A,24,26.6,14.4,3.3,3.6,1.5,0.3,11.1,3.4,1.6,0.464,0.342,0.5180180180180181,0.877,23,1,123.0,106.8
Al Horford,GSW,39.0,N/A,13,21.5,5.6,4.4,2.0,1.0,1.0,6.0,0.5,1.2,0.321,0.298,0.425,1.0,7,6,113.5,111.7
Alex Caruso,OKC,31.0,N/A,15,18.8,5.7,2.4,2.5,1.6,0.3,5.0,0.7,1.0,0.4,0.354,0.51,0.8,15,0,123.0,106.8
Alex Sarr,WAS,20.0,N/A,16,29.7,19.1,8.6,3.3,0.8,2.0,15.1,3.8,2.1,0.515,0.346,0.5529801324503311,0.639,2,14,112.4,128.3
Alijah Martin,TOR,23.0,N/A,2,3.3,0.0,0.0,0.0,0.5,0.0,0.5,0.0,0.0,0.0,0.0,0.0,0.0,0,2,115.8,113.89999999999999
Alperen Sengun,HOU,23.0,N/A,19,35.9,23.1,9.1,7.1,1.3,1.0,16.8,6.8,3.3,0.505,0.385,0.5386904761904762,0.738,14,5,120.9,110.30000000000001
Amari Williams,BOS,23.0,N/A,6,5.2,0.5,1.2,0.2,0.2,0.3,0.3,0.3,0.0,0.5,0.0,0.6666666666666667,0.5,4,2,117.3,110.6
Amen Thompson,HOU,22.0,N/A,21,35.9,17.4,7.0,5.1,1.4,0.5,14.2,4.3,2.7,0.477,0.205,0.49295774647887325,0.8,15,6,120.9,110.30000000000001
Amir Coffey,MIL,28.0,N/A,18,8.1,1.7,0.8,0.4,0.0,0.1,1.3,0.4,0.1,0.435,0.3,0.5384615384615384,1.0,8,10,115.1,118.0
Andre Drummond,PHI,32.0,N/A,22,21.7,7.7,9.4,0.8,0.7,0.9,5.7,1.6,0.9,0.544,0.379,0.5877192982456141,0.629,13,9,116.9,116.10000000000001
Andre Jackson Jr.,MIL,24.0,N/A,11,6.9,1.4,0.9,1.5,0.5,0.2,1.5,0.4,0.5,0.313,0.25,0.39999999999999997,0.75,3,8,115.1,118.0
Andrew Nembhard,IND,25.0,N/A,16,31.0,17.9,2.1,6.6,0.9,0.2,13.5,5.1,2.4,0.435,0.358,0.5037037037037038,0.841,4,12,111.3,118.89999999999999
Andrew Wiggins,MIA,30.0,N/A,22,32.9,16.9,4.9,2.9,1.0,1.1,13.6,2.6,1.8,0.487,0.379,0.5514705882352942,0.702,11,11,121.7,118.2
Anfernee Simons,BOS,26.0,N/A,24,23.6,13.4,2.3,2.5,0.5,0.2,10.8,1.6,1.1,0.44,0.401,0.5601851851851851,0.872,15,9,117.3,110.6
Anthony Black,ORL,21.0,N/A,25,28.2,13.0,3.9,3.2,1.3,0.6,10.6,3.6,2.1,0.447,0.307,0.49528301886792453,0.692,15,10,117.8,113.39999999999999
Anthony Davis,DAL,32.0,N/A,10,29.3,19.6,10.2,3.2,1.2,1.6,15.3,4.2,1.7,0.523,0.333,0.545751633986928,0.69,5,5,111.8,116.1
Anthony Edwards,MIN,24.0,N/A,20,34.4,28.7,4.9,3.8,1.2,0.8,19.3,7.2,3.0,0.5,0.416,0.5906735751295336,0.833,13,7,119.6,114.69999999999999
Anthony Gill,WAS,33.0,N/A,9,3.6,1.9,0.8,0.0,0.0,0.1,0.8,0.4,0.4,0.857,1.0,0.9375,1.0,0,9,112.4,128.3
Antonio Reeves,CHA,25.0,N/A,6,8.8,3.5,0.8,0.3,0.2,0.0,2.7,0.0,0.0,0.5,0.5,0.6296296296296297,0.0,1,5,114.2,118.3
Ariel Hukporti,NYK,23.0,N/A,16,7.9,1.2,2.4,0.5,0.1,0.5,0.8,0.5,0.6,0.538,0.0,0.5,0.625,12,4,120.5,111.9
Asa Newell,ATL,20.0,N/A,15,8.5,4.6,1.5,0.4,0.4,0.2,3.1,0.7,0.4,0.543,0.5,0.6612903225806451,0.8,11,4,118.0,116.4
Ausar Thompson,DET,22.0,N/A,20,28.0,11.8,6.0,3.1,1.5,0.7,9.5,3.2,1.4,0.519,0.313,0.5315789473684212,0.547,15,5,118.7,113.2
Austin Reaves,LAL,27.0,N/A,20,36.8,28.4,5.5,6.7,1.1,0.2,16.9,9.6,3.4,0.509,0.37,0.5946745562130178,0.874,15,5,118.3,116.1
Ayo Dosunmu,CHI,25.0,N/A,20,27.8,15.2,2.7,3.2,0.6,0.3,10.5,2.8,1.4,0.519,0.475,0.6142857142857143,0.857,8,12,117.3,122.6
Bam Adebayo,MIA,28.0,N/A,19,30.8,19.2,8.9,2.5,1.0,0.9,14.4,4.6,1.7,0.478,0.34,0.5381944444444444,0.795,10,9,121.7,118.2
Baylor Scheierman,BOS,25.0,N/A,20,12.1,3.4,2.0,0.8,0.5,0.1,2.3,0.1,0.4,0.556,0.486,0.7608695652173914,1.0,14,6,117.3,110.6
Ben Saraf,BKN,19.0,N/A,12,16.9,5.4,1.6,2.8,0.7,0.3,5.2,1.3,1.9,0.355,0.273,0.4230769230769231,0.8,3,9,109.4,117.2
Ben Sheppard,IND,24.0,N/A,22,24.9,6.5,4.1,2.0,0.6,0.1,6.7,0.9,0.7,0.354,0.273,0.44029850746268656,0.789,4,18,111.3,118.89999999999999
Bennedict Mathurin,IND,23.0,N/A,13,32.9,21.5,5.6,2.3,0.8,0.2,14.4,6.5,2.9,0.46,0.43,0.5555555555555556,0.833,5,8,111.3,118.89999999999999
Bilal Coulibaly,WAS,21.0,N/A,12,27.1,8.8,4.0,3.0,1.3,1.0,7.6,2.9,1.8,0.374,0.268,0.4276315789473684,0.771,2,10,112.4,128.3
Bismack Biyombo,SAS,33.0,N/A,8,7.2,0.9,0.8,0.4,0.4,0.1,0.5,0.3,0.4,0.75,0.0,0.8,0.5,5,3,119.6,115.3
Blake Wesley,POR,22.0,N/A,6,16.3,6.0,2.3,3.2,1.7,0.2,5.7,1.7,1.2,0.412,0.2,0.4298245614035087,0.6,4,2,117.4,120.7
Bobby Portis,MIL,30.0,N/A,25,21.7,11.4,5.6,1.4,0.4,0.1,9.8,0.9,1.1,0.467,0.447,0.5561224489795917,0.609,10,15,115.1,118.0
Bobi Klintman,DET,22.0,N/A,6,8.8,2.8,2.7,0.7,0.3,0.0,3.5,0.5,0.8,0.333,0.273,0.41428571428571426,0.0,5,1,118.7,113.2
Bogdan Bogdanović,LAC,33.0,N/A,10,25.4,9.2,3.2,3.2,0.7,0.1,8.2,1.3,1.3,0.39,0.333,0.49390243902439024,0.846,2,8,111.6,116.8
Bones Hyland,MIN,25.0,N/A,15,9.0,4.3,1.1,1.4,0.5,0.0,3.3,0.3,0.8,0.51,0.387,0.6363636363636365,0.75,10,5,119.6,114.69999999999999
Bradley Beal,LAC,32.0,N/A,6,20.2,8.2,0.8,1.7,0.5,0.0,8.0,1.3,1.5,0.375,0.368,0.45,0.75,2,4,111.6,116.8
Branden Carlson,OKC,26.0,N/A,16,9.9,4.6,2.2,0.7,0.1,0.6,3.6,0.4,0.3,0.526,0.379,0.625,0.429,15,1,123.0,106.8
Brandin Podziemski,GSW,22.0,N/A,25,27.7,12.5,4.7,3.0,1.2,0.2,9.9,2.4,1.5,0.441,0.398,0.5454545454545455,0.767,13,12,113.5,111.7
Brandon Ingram,TOR,28.0,N/A,26,34.1,21.5,5.8,3.8,0.9,0.5,17.0,4.9,3.1,0.472,0.331,0.5147058823529411,0.805,15,11,115.8,113.89999999999999
Brandon Miller,CHA,23.0,N/A,8,26.1,16.4,2.5,3.1,0.8,1.1,15.0,3.8,2.3,0.367,0.286,0.44333333333333336,0.833,4,4,114.2,118.3
Brandon Williams,DAL,26.0,N/A,23,21.6,10.8,2.4,4.1,1.4,0.2,9.6,3.5,1.8,0.391,0.191,0.4166666666666667,0.8,8,15,111.8,116.1
Brice Sensabaugh,UTA,22.0,N/A,22,15.6,8.6,2.5,1.1,0.7,0.2,7.1,1.5,0.9,0.408,0.337,0.5140845070422535,0.848,7,15,117.6,125.8
Bronny James,LAL,21.0,N/A,13,9.5,2.0,0.7,1.6,0.7,0.1,2.4,0.2,0.8,0.323,0.286,0.39583333333333337,1.0,8,5,118.3,116.1
Brook Lopez,LAC,37.0,N/A,18,14.1,6.1,1.8,0.5,0.3,0.8,5.5,0.6,0.8,0.394,0.353,0.5181818181818182,0.727,5,13,111.6,116.8
Brooks Barnhizer,OKC,23.0,N/A,17,7.7,1.7,1.9,0.4,0.2,0.1,1.4,0.4,0.2,0.522,0.25,0.5357142857142857,0.667,16,1,123.0,106.8
Bruce Brown,DEN,29.0,N/A,23,23.5,6.7,3.6,1.8,0.8,0.3,6.0,1.4,0.9,0.423,0.333,0.4666666666666666,0.781,17,6,125.0,116.3
Bryce McGowens,NOP,23.0,N/A,15,17.4,7.8,1.8,1.5,0.4,0.3,5.3,2.5,0.3,0.494,0.435,0.5566037735849058,0.763,1,14,113.0,123.6
Bub Carrington,WAS,20.0,N/A,22,25.7,7.0,3.4,4.2,0.5,0.1,6.8,1.0,2.2,0.349,0.429,0.4632352941176471,0.762,3,19,112.4,128.3
Buddy Hield,GSW,32.0,N/A,25,18.8,8.0,2.6,1.6,0.9,0.1,7.3,0.7,1.0,0.404,0.305,0.5068493150684932,0.944,13,12,113.5,111.7
CJ McCollum,WAS,34.0,N/A,22,30.0,18.6,3.0,3.4,0.7,0.3,15.0,2.9,1.6,0.442,0.402,0.5399999999999999,0.797,3,19,112.4,128.3
Cade Cunningham,DET,24.0,N/A,21,36.4,27.5,6.4,9.3,1.5,0.8,21.0,7.8,3.9,0.452,0.299,0.49761904761904757,0.84,16,5,118.7,113.2
Caleb Houstan,ATL,22.0,N/A,8,5.4,2.5,0.6,0.3,0.1,0.1,1.6,0.4,0.5,0.462,0.5,0.6875,1.0,5,3,118.0,116.4
Caleb Love,POR,24.0,N/A,16,18.0,8.0,2.8,1.9,0.4,0.0,9.0,0.9,0.8,0.326,0.261,0.39999999999999997,0.786,5,11,117.4,120.7
Caleb Martin,DAL,30.0,N/A,22,9.1,1.2,1.5,0.9,0.5,0.1,1.7,0.4,0.4,0.243,0.154,0.2647058823529412,0.875,8,14,111.8,116.1
Cam Christie,LAC,20.0,N/A,16,11.5,4.4,2.3,0.6,0.4,0.1,3.8,1.8,0.4,0.344,0.31,0.4210526315789474,0.714,3,13,111.6,116.8
Cam Spencer,MEM,25.0,N/A,24,21.2,11.1,2.1,3.9,0.8,0.1,7.5,1.8,1.3,0.486,0.465,0.6266666666666667,0.907,11,13,113.6,115.3
Cam Thomas,BKN,24.0,N/A,8,28.3,21.4,1.4,2.6,0.5,0.1,16.5,7.0,2.0,0.402,0.356,0.4606060606060606,0.875,1,7,109.4,117.2
Cam Whitmore,WAS,21.0,N/A,21,16.9,9.2,2.8,0.7,0.7,0.4,8.0,1.5,0.9,0.456,0.286,0.5125000000000001,0.742,3,18,112.4,128.3
Cameron Johnson,DEN,29.0,N/A,22,30.0,11.1,3.4,2.3,0.7,0.3,8.5,2.0,1.1,0.452,0.394,0.5647058823529412,0.8,16,6,125.0,116.3
Caris LeVert,DET,31.0,N/A,18,20.4,9.3,1.7,2.8,0.6,0.5,6.9,2.4,1.4,0.464,0.419,0.5652173913043479,0.605,14,4,118.7,113.2
Carter Bryant,SAS,20.0,N/A,18,7.9,2.5,1.7,0.1,0.2,0.1,2.8,0.2,0.3,0.333,0.286,0.3928571428571429,0.75,14,4,119.6,115.3
Cason Wallace,OKC,22.0,N/A,23,28.1,8.4,3.0,2.5,2.3,0.3,7.4,0.6,1.1,0.435,0.379,0.5405405405405405,0.769,22,1,123.0,106.8
Cedric Coward,MEM,22.0,N/A,24,27.1,13.3,6.2,2.7,0.6,0.3,10.5,2.8,1.5,0.451,0.318,0.5285714285714286,0.838,11,13,113.6,115.3
Charles Bassey,MEM,25.0,N/A,2,15.3,3.5,7.5,1.0,0.5,0.5,4.0,1.5,0.5,0.375,0.0,0.375,0.333,0,2,113.6,115.3
Chaz Lanier,DET,23.0,N/A,13,10.3,3.3,1.1,0.8,0.3,0.0,3.2,0.2,0.1,0.333,0.324,0.484375,1.0,12,1,118.7,113.2
Chet Holmgren,OKC,23.0,N/A,20,28.9,18.6,8.1,1.7,0.7,1.5,12.4,3.8,2.1,0.575,0.364,0.6290322580645161,0.787,20,0,123.0,106.8
Chris Boucher,BOS,32.0,N/A,8,11.3,2.3,2.3,0.4,0.6,0.9,2.8,0.5,0.1,0.318,0.083,0.33928571428571436,0.75,3,5,117.3,110.6
Chris Livingston,CLE,22.0,N/A,3,5.8,3.0,1.0,0.3,0.3,0.0,2.3,0.3,0.0,0.571,0.0,0.5652173913043479,1.0,2,1,118.6,115.39999999999999
Chris Mañon,LAL,24.0,N/A,2,3.5,0.0,1.0,0.0,0.0,0.5,0.5,0.0,0.0,0.0,0.0,0.0,0.0,1,1,118.3,116.1
Chris Paul,LAC,40.0,N/A,16,14.2,2.9,1.8,3.3,0.7,0.0,3.5,0.1,1.0,0.321,0.333,0.4,0.5,4,12,111.6,116.8
Chris Youngblood,OKC,23.0,N/A,18,5.4,1.8,1.0,0.3,0.1,0.0,1.5,0.4,0.1,0.333,0.318,0.4666666666666666,1.0,18,0,123.0,106.8
Christian Braun,DEN,24.0,N/A,11,29.6,11.4,4.4,3.0,0.8,0.3,8.8,2.6,1.3,0.495,0.214,0.5284090909090909,0.793,9,2,125.0,116.3
Christian Koloko,LAL,25.0,N/A,2,3.2,0.0,0.5,0.0,0.0,0.0,0.0,0.0,0.0,0.0,0.0,,0.0,1,1,118.3,116.1
Chucky Hepburn,TOR,22.0,N/A,2,6.6,0.0,0.5,1.0,0.5,0.0,3.0,0.0,0.5,0.0,0.0,0.0,0.0,0,2,115.8,113.89999999999999
Clint Capela,HOU,31.0,N/A,20,11.9,3.8,4.9,0.5,0.5,0.8,3.0,0.8,0.5,0.559,0.0,0.5666666666666667,0.667,14,6,120.9,110.30000000000001
Coby White,CHI,25.0,N/A,7,29.2,22.1,2.7,5.4,0.6,0.0,15.6,8.0,3.0,0.431,0.302,0.5032051282051282,0.804,2,5,117.3,122.6
Cody Martin,IND,30.0,N/A,4,13.8,1.8,3.5,0.5,1.0,0.5,2.5,1.5,1.0,0.2,0.0,0.2,0.5,0,4,111.3,118.89999999999999
Cody Williams,UTA,21.0,N/A,13,12.1,2.2,0.9,0.5,0.2,0.2,3.1,0.2,0.4,0.325,0.105,0.3548387096774194,0.333,4,9,117.6,125.8
Colby Jones,DET,23.0,N/A,1,6.8,2.0,4.0,2.0,0.0,0.0,3.0,0.0,0.0,0.333,0.0,0.3333333333333333,0.0,0,1,118.7,113.2
Cole Anthony,MIL,25.0,N/A,23,15.7,7.0,2.7,4.0,0.7,0.3,7.0,0.9,1.9,0.426,0.271,0.4714285714285714,0.55,9,14,115.1,118.0
Collin Gillespie,PHX,26.0,N/A,24,27.1,13.6,3.8,4.8,1.1,0.3,10.8,1.3,1.8,0.44,0.429,0.5833333333333333,0.867,14,10,115.9,113.5
Collin Murray-Boyles,TOR,20.0,N/A,21,17.6,7.0,3.3,1.3,0.6,0.3,4.9,1.5,1.2,0.553,0.48,0.6122448979591836,0.625,11,10,115.8,113.89999999999999
Collin Sexton,CHA,26.0,N/A,21,25.2,15.5,2.2,4.2,0.7,0.2,10.7,4.3,2.5,0.489,0.366,0.5420560747663552,0.879,6,15,114.2,118.3
Cooper Flagg,DAL,18.0,N/A,24,33.7,17.3,6.3,3.3,1.3,0.7,14.0,3.8,2.2,0.475,0.253,0.5107142857142858,0.822,9,15,111.8,116.1
Corey Kispert,WAS,26.0,N/A,17,19.9,8.9,2.5,1.7,0.5,0.2,6.1,1.7,0.6,0.505,0.403,0.639344262295082,0.724,2,15,112.4,128.3
Craig Porter Jr.,CLE,25.0,N/A,22,17.2,5.4,3.2,2.3,1.0,0.6,4.3,0.7,0.7,0.511,0.424,0.5813953488372093,0.533,13,9,118.6,115.39999999999999
Curtis Jones,DEN,24.0,N/A,2,1.6,1.0,1.0,0.0,0.0,0.0,1.5,0.0,0.0,0.333,0.0,0.3333333333333333,0.0,2,0,125.0,116.3
D'Angelo Russell,DAL,29.0,N/A,21,20.3,11.2,2.6,4.3,0.4,0.1,9.8,2.8,2.1,0.403,0.287,0.47959183673469385,0.707,7,14,111.8,116.1
DaRon Holmes II,DEN,23.0,N/A,2,2.2,1.5,0.0,0.0,0.0,0.0,0.5,0.0,0.0,1.0,1.0,1.5,0.0,2,0,125.0,116.3
Daeqwon Plowden,SAC,27.0,N/A,1,14.0,2.0,2.0,0.0,0.0,0.0,5.0,0.0,0.0,0.2,0.0,0.2,0.0,0,1,111.4,122.0
Dalen Terry,CHI,23.0,N/A,13,11.1,3.1,1.8,1.5,0.8,0.3,2.8,0.5,0.7,0.472,0.231,0.5000000000000001,0.429,5,8,117.3,122.6
Dalton Knecht,LAL,24.0,N/A,19,15.8,6.5,1.9,0.6,0.4,0.4,5.3,0.8,0.4,0.465,0.351,0.5754716981132075,0.667,14,5,118.3,116.1
Daniel Gafford,DAL,27.0,N/A,15,22.9,8.9,6.4,1.3,0.9,1.4,5.5,2.9,1.4,0.61,0.0,0.6,0.791,4,11,111.8,116.1
Daniss Jenkins,DET,24.0,N/A,19,17.9,8.3,1.9,3.5,1.0,0.1,7.1,1.6,1.4,0.444,0.34,0.5070422535211268,0.733,15,4,118.7,113.2
Danny Wolf,BKN,21.0,N/A,9,15.7,7.9,3.9,1.8,0.1,0.2,5.8,1.6,1.4,0.442,0.444,0.560344827586207,0.929,3,6,109.4,117.2
Dario Šarić,SAC,31.0,N/A,3,9.2,1.7,1.7,0.7,0.0,0.0,1.7,0.7,0.3,0.2,0.5,0.2647058823529412,1.0,1,2,111.4,122.0
Darius Garland,CLE,25.0,N/A,9,28.3,14.0,3.0,6.2,0.7,0.1,12.9,3.4,2.8,0.353,0.321,0.43023255813953487,0.871,4,5,118.6,115.39999999999999
David Jones Garcia,SAS,24.0,N/A,10,6.7,3.2,1.2,1.8,0.6,0.1,2.5,0.6,0.5,0.52,0.6,0.58,0.5,6,4,119.6,115.3
Davion Mitchell,MIA,27.0,N/A,24,30.4,9.8,2.7,7.8,1.3,0.0,7.7,1.5,1.4,0.511,0.393,0.5714285714285715,0.639,14,10,121.7,118.2
Day'Ron Sharpe,BKN,24.0,N/A,22,16.2,7.0,5.4,1.8,0.8,0.5,4.3,2.7,1.8,0.6,0.278,0.6279069767441862,0.593,6,16,109.4,117.2
De'Aaron Fox,SAS,27.0,N/A,15,32.7,24.3,3.7,6.5,1.3,0.3,17.3,6.0,3.5,0.486,0.379,0.5549132947976878,0.844,10,5,119.6,115.3
De'Andre Hunter,CLE,28.0,N/A,21,28.8,16.0,4.3,2.5,0.8,0.1,12.3,3.7,1.7,0.444,0.311,0.5284552845528455,0.831,12,9,118.6,115.39999999999999
De'Anthony Melton,GSW,27.0,N/A,2,19.2,13.5,1.0,2.0,2.0,0.5,10.0,4.0,2.0,0.45,0.333,0.525,0.75,1,1,113.5,111.7
DeAndre Jordan,NOP,37.0,N/A,2,11.7,4.5,5.0,0.0,0.0,0.0,2.5,1.0,0.5,0.8,0.0,0.8,0.5,0,2,113.0,123.6
DeMar DeRozan,SAC,36.0,N/A,24,33.1,18.0,3.1,3.5,1.3,0.2,13.1,4.6,1.1,0.498,0.367,0.5267175572519084,0.892,6,18,111.4,122.0
Dean Wade,CLE,29.0,N/A,23,22.2,5.3,3.8,1.6,0.8,0.6,4.8,1.0,0.3,0.373,0.296,0.47916666666666663,0.696,13,10,118.6,115.39999999999999
Deandre Ayton,LAL,27.0,N/A,21,29.5,15.3,8.8,0.9,0.7,1.1,10.0,1.6,2.0,0.706,0.0,0.71,0.676,15,6,118.3,116.1
Deni Avdija,POR,24.0,N/A,24,34.3,25.8,7.2,6.3,0.7,0.6,16.3,9.6,3.6,0.478,0.38,0.5552147239263804,0.809,9,15,117.4,120.7
Dennis Schröder,SAC,32.0,N/A,18,29.2,12.4,3.7,6.0,0.8,0.2,11.5,2.3,1.9,0.396,0.333,0.4652173913043478,0.78,5,13,111.4,122.0
Dereck Lively II,DAL,21.0,N/A,7,16.5,4.3,5.3,1.9,0.6,1.6,2.6,1.4,1.4,0.611,0.0,0.6153846153846154,0.8,3,4,111.8,116.1
Derik Queen,NOP,20.0,N/A,25,24.9,12.9,6.4,3.9,1.0,0.8,9.6,4.1,2.3,0.496,0.111,0.5052083333333334,0.796,3,22,113.0,123.6
Derrick Jones Jr.,LAC,28.0,N/A,13,24.9,10.5,2.4,1.1,0.8,1.2,7.1,2.2,0.8,0.533,0.348,0.6197183098591549,0.786,4,9,111.6,116.8
Derrick White,BOS,31.0,N/A,23,33.2,17.5,4.1,5.3,1.5,1.3,15.5,2.7,1.7,0.393,0.338,0.4935483870967742,0.836,14,9,117.3,110.6
Desmond Bane,ORL,27.0,N/A,25,33.2,19.0,4.4,4.5,0.8,0.3,15.3,3.8,2.0,0.448,0.349,0.5032679738562091,0.936,15,10,117.8,113.39999999999999
Devin Booker,PHX,29.0,N/A,22,34.7,25.0,4.3,6.7,0.9,0.4,17.8,8.0,3.7,0.457,0.315,0.5056179775280899,0.874,13,9,115.9,113.5
Devin Carter,SAC,23.0,N/A,8,8.1,2.1,1.5,1.1,0.8,0.1,2.6,0.6,0.8,0.238,0.182,0.28846153846153844,1.0,1,7,111.4,122.0
Devin Vassell,SAS,25.0,N/A,23,32.4,15.7,3.7,2.4,1.0,0.4,12.8,2.0,1.0,0.437,0.398,0.546875,0.87,16,7,119.6,115.3
Dillon Brooks,PHX,29.0,N/A,18,31.3,22.1,3.1,1.9,1.5,0.1,18.2,4.1,2.3,0.453,0.306,0.5137362637362637,0.822,11,7,115.9,113.5
Domantas Sabonis,SAC,29.0,N/A,11,33.2,17.2,12.3,3.7,1.2,0.2,13.2,4.6,2.5,0.51,0.2,0.5227272727272728,0.725,2,9,111.4,122.0
Dominick Barlow,PHI,22.0,N/A,14,26.3,7.9,5.6,2.0,0.8,1.1,6.1,1.7,1.2,0.494,0.25,0.5245901639344263,0.833,8,6,116.9,116.10000000000001
Donovan Clingan,POR,21.0,N/A,21,25.2,10.0,10.2,1.7,0.6,1.4,8.0,2.0,0.8,0.482,0.241,0.53125,0.81,9,12,117.4,120.7
Donovan Mitchell,CLE,29.0,N/A,23,34.3,30.5,4.8,5.5,1.4,0.3,21.1,6.3,3.4,0.502,0.385,0.5971563981042654,0.836,13,10,118.6,115.39999999999999
Donte DiVincenzo,MIN,28.0,N/A,24,31.1,13.2,4.0,3.7,1.1,0.4,10.2,2.1,1.4,0.414,0.381,0.5588235294117647,0.84,15,9,119.6,114.69999999999999
Doug McDermott,SAC,33.0,N/A,1,7.8,6.0,0.0,0.0,0.0,0.0,3.0,0.0,1.0,0.667,0.667,1.0,0.0,0,1,111.4,122.0
Drake Powell,BKN,20.0,N/A,16,19.2,6.3,1.8,2.1,0.8,0.1,4.7,1.1,1.1,0.48,0.364,0.5744680851063829,0.944,5,11,109.4,117.2
Draymond Green,GSW,35.0,N/A,20,28.1,8.0,6.1,5.5,0.8,0.9,7.6,1.1,3.0,0.382,0.333,0.48684210526315796,0.619,10,10,113.5,111.7
Drew Eubanks,SAC,28.0,N/A,24,14.9,5.5,3.0,0.3,0.5,0.7,3.8,1.6,0.9,0.615,0.5,0.6052631578947368,0.526,6,18,111.4,122.0
Drew Peterson,CHA,26.0,N/A,4,13.3,1.3,1.8,0.5,0.8,0.3,3.5,0.5,0.0,0.143,0.0,0.14285714285714285,0.5,0,4,114.2,118.3
Drew Timme,LAL,25.0,N/A,2,3.9,1.0,1.0,1.5,0.5,0.0,1.0,0.0,0.0,0.5,0.0,0.5,0.0,1,1,118.3,116.1
Dru Smith,MIA,27.0,N/A,25,16.8,6.1,2.6,2.8,1.4,0.3,4.9,1.3,1.0,0.439,0.358,0.5306122448979592,0.788,14,11,121.7,118.2
Duncan Robinson,DET,31.0,N/A,22,31.8,12.4,3.0,2.0,1.0,0.3,9.4,1.6,0.7,0.437,0.402,0.5957446808510638,0.771,18,4,118.7,113.2
Duop Reath,POR,29.0,N/A,19,8.2,3.8,0.9,0.3,0.2,0.1,2.5,0.2,0.3,0.553,0.543,0.76,0.667,9,10,117.4,120.7
Dwight Powell,DAL,34.0,N/A,20,10.9,2.4,2.1,0.9,0.5,0.2,1.0,1.5,0.5,0.65,0.0,0.7,0.724,7,13,111.8,116.1
Dylan Cardwell,SAC,23.0,N/A,3,10.8,1.7,1.7,0.0,0.7,1.0,2.0,0.7,0.7,0.333,0.0,0.35,0.5,1,2,111.4,122.0
Dylan Harper,SAS,19.0,N/A,13,21.8,13.5,3.1,3.9,0.9,0.0,10.8,3.4,1.5,0.479,0.281,0.5138888888888888,0.727,10,3,119.6,115.3
Dyson Daniels,ATL,22.0,N/A,25,33.9,10.7,6.2,5.8,2.2,0.3,10.1,1.5,2.3,0.472,0.146,0.48514851485148514,0.632,14,11,118.0,116.4
E.J. Liddell,BKN,24.0,N/A,7,4.6,2.0,1.3,0.0,0.0,0.0,1.7,0.4,0.0,0.417,0.25,0.5,0.667,1,6,109.4,117.2
Egor Dëmin,BKN,19.0,N/A,21,23.0,8.3,3.3,3.7,0.8,0.3,7.8,0.7,1.7,0.38,0.351,0.5064102564102565,0.857,6,15,109.4,117.2
Elijah Harkless,UTA,25.0,N/A,7,9.4,2.4,0.9,0.7,0.6,0.0,1.6,1.3,0.4,0.364,0.286,0.46875,0.778,2,5,117.6,125.8
Emanuel Miller,CHI,25.0,N/A,5,6.6,3.0,0.6,0.8,0.4,0.0,2.6,0.4,0.0,0.462,0.333,0.5384615384615384,0.5,0,5,117.3,122.6
Eric Gordon,PHI,36.0,N/A,5,11.3,4.2,0.4,0.6,0.6,0.0,2.6,0.0,0.6,0.615,0.625,0.8076923076923077,0.0,3,2,116.9,116.10000000000001
Ethan Thompson,IND,26.0,N/A,4,18.1,4.8,1.8,1.0,0.8,0.5,3.0,0.0,0.0,0.583,0.556,0.8166666666666668,0.0,2,2,111.3,118.89999999999999
Evan Mobley,CLE,24.0,N/A,24,34.1,18.9,9.1,4.0,1.0,1.7,14.0,5.4,2.3,0.5,0.353,0.5535714285714286,0.631,13,11,118.6,115.39999999999999
Franz Wagner,ORL,24.0,N/A,24,33.4,22.7,6.1,3.7,1.2,0.4,15.9,6.8,1.8,0.49,0.36,0.5377358490566038,0.823,14,10,117.8,113.39999999999999
GG Jackson,MEM,20.0,N/A,8,6.8,2.5,1.8,0.3,0.5,0.1,3.5,1.1,0.3,0.25,0.0,0.2571428571428572,0.667,4,4,113.6,115.3
Gabe Vincent,LAL,29.0,N/A,12,22.3,5.1,1.0,1.7,0.5,0.1,4.5,0.6,0.5,0.352,0.372,0.5,1.0,9,3,118.3,116.1
Garrett Temple,TOR,39.0,N/A,5,3.7,0.8,0.4,0.2,0.4,0.2,0.8,0.4,0.2,0.25,0.333,0.37500000000000006,0.5,3,2,115.8,113.89999999999999
Garrison Mathews,IND,29.0,N/A,9,13.7,4.8,0.9,0.6,0.3,0.2,3.4,1.7,0.3,0.355,0.321,0.5,0.8,4,5,111.3,118.89999999999999
Gary Harris,MIL,31.0,N/A,16,13.3,2.3,1.4,1.2,0.8,0.1,1.9,0.3,0.5,0.433,0.375,0.5263157894736842,1.0,5,11,115.1,118.0
Gary Payton II,GSW,33.0,N/A,24,12.3,4.0,3.0,1.6,0.6,0.3,3.8,0.1,0.7,0.478,0.276,0.5131578947368421,1.0,12,12,113.5,111.7
Gary Trent Jr.,MIL,26.0,N/A,25,27.7,9.6,1.3,1.8,0.8,0.1,8.4,1.2,0.8,0.392,0.365,0.5238095238095238,0.793,10,15,115.1,118.0
Giannis Antetokounmpo,MIL,31.0,N/A,17,29.1,28.9,10.1,6.1,0.9,0.9,17.3,9.8,3.3,0.639,0.435,0.6589595375722543,0.635,9,8,115.1,118.0
Goga Bitadze,ORL,26.0,N/A,24,16.9,6.3,5.2,1.4,0.6,1.3,3.4,1.6,0.7,0.732,0.286,0.75,0.789,15,9,117.8,113.39999999999999
Gradey Dick,TOR,22.0,N/A,26,15.8,6.3,1.9,0.7,0.6,0.1,5.2,1.5,0.5,0.403,0.315,0.4903846153846154,0.842,15,11,115.8,113.89999999999999
Grayson Allen,PHX,30.0,N/A,16,31.4,16.9,2.9,3.9,1.6,0.3,13.3,2.4,1.8,0.439,0.404,0.5639097744360902,0.769,9,7,115.9,113.5
Guerschon Yabusele,NYK,29.0,N/A,23,10.0,3.1,2.2,0.4,0.1,0.2,2.8,0.4,0.3,0.4,0.295,0.5000000000000001,0.6,17,6,120.5,111.9
Gui Santos,GSW,23.0,N/A,18,9.3,3.4,1.9,0.6,0.3,0.1,3.0,0.8,0.8,0.389,0.273,0.48333333333333334,0.714,9,9,113.5,111.7
Harrison Barnes,SAS,33.0,N/A,23,31.1,13.4,3.4,2.2,1.0,0.2,9.5,1.8,1.3,0.493,0.433,0.6210526315789474,0.881,16,7,119.6,115.3
Harrison Ingram,SAS,23.0,N/A,3,3.6,1.7,1.0,0.0,0.0,0.0,1.0,0.0,0.0,0.667,1.0,0.85,0.0,2,1,119.6,115.3
Herbert Jones,NOP,27.0,N/A,17,30.0,9.9,3.9,2.4,1.6,0.3,8.9,1.6,1.5,0.404,0.347,0.48876404494382014,0.786,2,15,113.0,123.6
Hugo González,BOS,19.0,N/A,19,11.3,3.4,2.0,0.5,0.7,0.2,2.7,0.3,0.6,0.519,0.474,0.611111111111111,0.4,12,7,117.3,110.6
Hunter Dickinson,NOP,25.0,N/A,1,4.7,2.0,0.0,0.0,0.0,1.0,2.0,0.0,2.0,0.5,0.0,0.5,0.0,0,1,113.0,123.6
Hunter Sallis,PHI,22.0,N/A,6,4.2,1.2,0.2,0.7,0.0,0.2,0.8,0.3,0.8,0.6,0.0,0.625,0.5,3,3,116.9,116.10000000000001
Hunter Tyson,DEN,25.0,N/A,8,3.5,0.3,1.5,0.4,0.1,0.0,1.1,0.3,0.0,0.0,0.0,0.0,1.0,7,1,125.0,116.3
Immanuel Quickley,TOR,26.0,N/A,25,32.2,16.5,4.2,6.2,1.2,0.0,12.8,2.6,1.8,0.47,0.382,0.56640625,0.75,15,10,115.8,113.89999999999999
Isaac Jones,DET,25.0,N/A,4,4.6,1.3,0.5,0.3,0.0,0.0,1.0,0.5,0.0,0.5,0.0,0.5,0.5,2,2,118.7,113.2
Isaac Okoro,CHI,24.0,N/A,15,24.8,8.2,2.7,1.6,0.4,0.7,6.5,1.3,1.0,0.459,0.383,0.5538461538461539,0.75,8,7,117.3,122.6
Isaiah Collier,UTA,21.0,N/A,15,20.4,7.4,1.9,5.1,0.5,0.3,4.7,3.1,2.1,0.514,0.385,0.5425531914893617,0.723,5,10,117.6,125.8
Isaiah Crawford,HOU,24.0,N/A,2,2.3,0.0,0.0,0.0,0.0,0.0,0.5,0.0,0.0,0.0,0.0,0.0,0.0,1,1,120.9,110.30000000000001
Isaiah Hartenstein,OKC,27.0,N/A,19,27.8,12.2,10.7,3.4,1.3,0.8,7.8,2.6,2.1,0.671,0.0,0.6794871794871795,0.64,18,1,123.0,106.8
Isaiah Jackson,IND,23.0,N/A,24,18.9,7.8,5.6,0.8,0.9,0.8,5.0,2.3,1.2,0.605,0.0,0.6,0.778,6,18,111.3,118.89999999999999
Isaiah Joe,OKC,26.0,N/A,17,23.3,12.9,2.8,1.5,0.6,0.2,8.6,2.3,0.9,0.456,0.419,0.622093023255814,0.923,16,1,123.0,106.8
Isaiah Livers,PHX,27.0,N/A,13,12.1,2.5,2.2,0.4,0.5,0.4,2.2,0.5,0.4,0.345,0.292,0.47727272727272724,0.833,7,6,115.9,113.5
Isaiah Stewart,DET,24.0,N/A,21,22.5,10.0,6.0,1.1,0.2,2.0,7.0,2.1,1.2,0.534,0.412,0.6142857142857142,0.727,16,5,118.7,113.2
Ivica Zubac,LAC,28.0,N/A,24,32.7,15.9,11.6,2.6,0.5,0.9,11.8,2.6,2.0,0.599,0.0,0.5932203389830508,0.71,6,18,111.6,116.8
JD Davison,HOU,23.0,N/A,11,6.7,1.8,0.4,0.9,0.3,0.1,1.5,0.2,0.1,0.471,0.444,0.6,0.0,10,1,120.9,110.30000000000001
Ja Morant,MEM,26.0,N/A,12,28.8,17.9,3.5,7.6,1.0,0.1,16.3,5.8,3.8,0.359,0.167,0.38036809815950917,0.942,4,8,113.6,115.3
Ja'Kobe Walter,TOR,21.0,N/A,23,16.6,5.5,2.0,0.8,1.0,0.1,4.6,0.7,0.7,0.419,0.397,0.5434782608695653,0.75,14,9,115.8,113.89999999999999
Jabari Smith Jr.,HOU,22.0,N/A,20,33.4,15.3,6.4,1.9,0.8,0.8,12.0,3.0,1.2,0.456,0.364,0.5416666666666666,0.783,14,6,120.9,110.30000000000001
Jabari Walker,PHI,23.0,N/A,22,13.7,4.6,3.5,0.6,0.1,0.3,3.7,0.8,0.5,0.463,0.343,0.527027027027027,0.765,13,9,116.9,116.10000000000001
Jacob Toppin,ATL,25.0,N/A,5,3.4,1.6,0.2,0.2,0.0,0.2,1.2,0.0,0.0,0.667,0.0,0.6666666666666667,0.0,3,2,118.0,116.4
Jaden Hardy,DAL,23.0,N/A,20,10.5,6.0,1.2,0.5,0.2,0.1,4.8,1.1,0.8,0.4,0.417,0.53125,0.818,6,14,111.8,116.1
Jaden Ivey,DET,23.0,N/A,9,13.9,7.6,2.7,1.1,0.2,0.1,5.7,1.8,1.1,0.431,0.417,0.5175438596491229,0.875,6,3,118.7,113.2
Jaden McDaniels,MIN,25.0,N/A,23,32.5,15.5,4.7,2.5,1.2,1.0,11.4,2.3,1.8,0.525,0.456,0.5964912280701754,0.849,14,9,119.6,114.69999999999999
Jae'Sean Tate,HOU,30.0,N/A,14,8.3,2.9,1.6,0.5,0.3,0.0,2.3,0.1,0.3,0.531,0.417,0.6086956521739131,1.0,11,3,120.9,110.30000000000001
Jahmai Mashack,MEM,23.0,N/A,2,4.7,3.0,1.0,0.0,0.0,0.0,2.5,0.0,0.0,0.4,0.5,0.6,0.0,2,0,113.6,115.3
Jahmir Young,MIA,25.0,N/A,5,4.9,2.0,0.4,0.8,0.2,0.0,2.2,0.0,0.4,0.364,0.4,0.45454545454545453,0.0,4,1,121.7,118.2
Jahmyl Telfort,LAC,24.0,N/A,8,4.0,0.1,0.4,0.1,0.1,0.0,0.5,0.5,0.1,0.0,0.0,0.0,0.25,2,6,111.6,116.8
Jaime Jaquez Jr.,MIA,24.0,N/A,24,29.2,15.6,5.8,5.0,0.7,0.3,12.2,3.6,2.1,0.512,0.222,0.528688524590164,0.767,14,10,121.7,118.2
Jake LaRavia,LAL,24.0,N/A,23,25.2,8.9,3.8,1.8,1.2,0.3,7.0,2.0,1.1,0.463,0.333,0.5428571428571428,0.689,17,6,118.3,116.1
Jakob Poeltl,TOR,30.0,N/A,19,26.1,10.2,8.0,2.3,0.8,0.5,6.3,2.5,1.5,0.692,0.0,0.6984126984126985,0.596,12,7,115.8,113.89999999999999
Jalen Brunson,NYK,29.0,N/A,22,34.9,28.3,3.1,6.3,0.7,0.1,20.7,6.6,2.3,0.48,0.376,0.5507246376811594,0.848,16,6,120.5,111.9
Jalen Duren,DET,22.0,N/A,21,29.2,18.8,11.5,1.8,0.8,1.0,10.5,6.8,2.6,0.655,0.0,0.6571428571428571,0.754,16,5,118.7,113.2
Jalen Green,PHX,23.0,N/A,2,14.9,15.5,2.0,2.0,1.0,0.0,11.5,2.5,1.0,0.478,0.429,0.6086956521739131,0.6,2,0,115.9,113.5
Jalen Johnson,ATL,23.0,N/A,22,35.2,23.4,10.5,7.9,1.6,0.4,15.8,6.0,3.3,0.534,0.404,0.5886075949367089,0.805,13,9,118.0,116.4
Jalen Pickett,DEN,26.0,N/A,10,7.2,2.3,1.1,1.0,0.1,0.0,1.9,0.1,0.4,0.474,0.4,0.5789473684210527,1.0,9,1,125.0,116.3
Jalen Smith,CHI,25.0,N/A,18,17.1,10.0,5.8,1.2,0.3,0.7,7.7,1.3,1.0,0.486,0.377,0.5844155844155844,0.739,9,9,117.3,122.6
Jalen Suggs,ORL,24.0,N/A,20,25.4,14.9,3.8,4.7,2.0,0.6,11.2,3.0,2.8,0.46,0.333,0.5535714285714286,0.881,13,7,117.8,113.39999999999999
Jalen Williams,OKC,24.0,N/A,5,29.1,17.8,5.2,6.4,1.2,1.0,15.2,3.2,1.2,0.461,0.273,0.48026315789473684,1.0,5,0,123.0,106.8
Jalen Wilson,BKN,25.0,N/A,18,14.4,5.0,1.0,0.6,0.2,0.0,4.4,1.2,0.6,0.354,0.333,0.47727272727272724,0.762,3,15,109.4,117.2
Jamal Cain,ORL,26.0,N/A,5,6.3,1.6,0.8,0.4,0.2,0.2,1.6,0.4,0.4,0.375,0.2,0.43749999999999994,0.5,4,1,117.8,113.39999999999999
Jamal Murray,DEN,28.0,N/A,22,35.1,25.0,4.5,6.8,1.1,0.3,18.0,4.0,2.4,0.506,0.447,0.5972222222222222,0.898,16,6,125.0,116.3
Jamal Shead,TOR,23.0,N/A,26,19.8,6.3,1.8,5.2,1.2,0.1,5.5,1.7,1.2,0.366,0.338,0.45454545454545453,0.791,15,11,115.8,113.89999999999999
Jamaree Bouyea,PHX,26.0,N/A,8,13.4,7.4,1.1,1.4,0.6,0.3,4.5,0.5,0.1,0.639,0.625,0.7888888888888889,0.75,4,4,115.9,113.5
James Harden,LAC,36.0,N/A,23,35.3,26.8,5.4,8.3,1.2,0.4,17.5,8.7,4.0,0.443,0.367,0.5399999999999999,0.899,6,17,111.6,116.8
James Wiseman,IND,24.0,N/A,1,19.9,4.0,4.0,0.0,0.0,1.0,3.0,0.0,3.0,0.667,0.0,0.6666666666666666,0.0,0,1,111.3,118.89999999999999
Jamir Watkins,WAS,24.0,N/A,7,9.6,2.1,1.6,0.4,0.0,0.1,1.6,0.6,0.1,0.455,0.2,0.46875,1.0,1,6,112.4,128.3
Jamison Battle,TOR,24.0,N/A,17,8.1,3.9,1.4,0.2,0.1,0.1,2.2,0.3,0.4,0.676,0.591,0.8636363636363635,0.8,11,6,115.8,113.89999999999999
Jarace Walker,IND,22.0,N/A,24,26.1,9.8,4.9,2.2,0.6,0.4,9.1,2.5,2.0,0.349,0.313,0.4340659340659341,0.817,6,18,111.3,118.89999999999999
Jared McCain,PHI,21.0,N/A,14,18.0,7.5,1.9,1.7,0.8,0.0,7.5,0.4,0.9,0.381,0.357,0.4799999999999999,0.833,7,7,116.9,116.10000000000001
Jaren Jackson Jr.,MEM,26.0,N/A,22,29.3,17.0,5.0,1.9,0.8,1.0,13.4,3.8,2.0,0.464,0.333,0.5186567164179104,0.786,9,13,113.6,115.3
Jarred Vanderbilt,LAL,26.0,N/A,15,17.3,4.3,5.2,1.5,0.9,0.3,3.4,1.3,1.5,0.431,0.267,0.4852941176470588,0.842,11,4,118.3,116.1
Jarrett Allen,CLE,27.0,N/A,15,26.1,14.3,7.6,1.8,1.0,0.9,9.5,4.4,1.6,0.573,0.0,0.5789473684210527,0.773,9,6,118.6,115.39999999999999
Jase Richardson,ORL,20.0,N/A,14,6.7,3.4,0.9,0.9,0.2,0.0,2.4,0.6,0.3,0.5,0.429,0.5833333333333334,0.778,7,7,117.8,113.39999999999999
Javon Small,MEM,22.0,N/A,8,12.4,4.3,1.0,2.8,0.0,0.1,3.5,1.3,1.0,0.357,0.316,0.48571428571428577,0.8,4,4,113.6,115.3
Javonte Cooke,POR,26.0,N/A,4,6.7,1.8,0.5,1.0,0.3,0.0,2.8,0.0,0.8,0.273,0.2,0.33928571428571436,0.0,1,3,117.4,120.7
Javonte Green,DET,32.0,N/A,24,18.5,6.6,2.7,0.8,1.0,0.4,5.2,1.7,0.8,0.427,0.339,0.5096153846153847,0.775,19,5,118.7,113.2
Jaxson Hayes,LAL,25.0,N/A,20,17.1,5.4,4.0,1.0,0.4,0.8,3.1,1.5,0.5,0.721,1.0,0.7258064516129032,0.621,15,5,118.3,116.1
Jay Huff,IND,28.0,N/A,24,18.8,7.7,3.7,1.3,0.3,2.5,6.2,1.3,0.7,0.43,0.317,0.5403225806451613,0.781,6,18,111.3,118.89999999999999
Jaylen Brown,BOS,29.0,N/A,23,33.7,29.1,6.2,4.9,1.1,0.4,21.6,7.1,3.6,0.496,0.363,0.5439814814814814,0.785,14,9,117.3,110.6
Jaylen Clark,MIN,24.0,N/A,22,14.7,4.8,2.3,0.5,0.8,0.1,3.8,1.3,0.3,0.434,0.349,0.5131578947368421,0.643,15,7,119.6,114.69999999999999
Jaylen Wells,MEM,22.0,N/A,24,26.5,12.2,3.5,1.7,0.7,0.0,9.4,2.6,0.7,0.442,0.367,0.5425531914893618,0.762,11,13,113.6,115.3
Jaylin Williams,OKC,23.0,N/A,23,18.5,5.6,4.7,2.4,0.7,0.5,5.0,1.2,1.1,0.353,0.296,0.49000000000000005,0.643,22,1,123.0,106.8
Jaylon Tyson,CLE,23.0,N/A,20,27.7,13.0,5.4,1.9,1.1,0.7,9.5,1.2,1.0,0.529,0.467,0.6421052631578947,0.708,11,9,118.6,115.39999999999999
Jeff Green,HOU,39.0,N/A,10,4.8,2.1,0.4,0.1,0.0,0.1,1.6,0.0,0.0,0.5,0.417,0.65625,0.0,9,1,120.9,110.30000000000001
Jerami Grant,POR,31.0,N/A,23,29.7,19.5,3.9,2.7,0.8,0.6,13.0,6.7,2.0,0.438,0.394,0.5269230769230769,0.857,9,14,117.4,120.7
Jeremiah Fears,NOP,19.0,N/A,25,27.7,15.4,3.4,3.1,1.4,0.2,13.1,3.4,2.2,0.436,0.369,0.48091603053435117,0.798,3,22,113.0,123.6
Jeremiah Robinson-Earl,IND,25.0,N/A,17,17.6,4.6,5.2,0.7,0.4,0.1,4.9,0.8,0.6,0.349,0.242,0.39795918367346933,0.929,4,13,111.3,118.89999999999999
Jeremy Sochan,SAS,22.0,N/A,17,16.3,6.1,3.6,1.4,0.5,0.2,5.0,0.9,0.9,0.506,0.28,0.54,0.688,11,6,119.6,115.3
Jericho Sims,MIL,27.0,N/A,19,14.3,2.7,3.7,0.7,0.2,0.3,1.4,0.4,0.7,0.852,0.0,0.8571428571428572,0.714,6,13,115.1,118.0
Jett Howard,ORL,22.0,N/A,16,10.2,5.3,1.1,0.7,0.1,0.2,4.4,0.3,0.1,0.437,0.37,0.5568181818181818,1.0,9,7,117.8,113.39999999999999
Jevon Carter,CHI,30.0,N/A,14,14.3,6.9,1.4,1.2,0.8,0.0,5.4,0.7,0.6,0.408,0.421,0.5648148148148149,1.0,3,11,117.3,122.6
Jimmy Butler III,GSW,36.0,N/A,21,30.7,19.5,5.7,5.0,1.6,0.2,11.5,7.8,1.4,0.519,0.465,0.5652173913043478,0.848,12,9,113.5,111.7
Joan Beringer,MIN,19.0,N/A,9,4.1,2.0,1.3,0.0,0.1,0.2,1.2,0.3,0.2,0.727,0.0,0.75,0.667,6,3,119.6,114.69999999999999
Jock Landale,MEM,30.0,N/A,24,21.4,10.9,5.4,1.5,0.5,0.4,8.0,2.0,1.1,0.531,0.431,0.6,0.673,11,13,113.6,115.3
Joe Ingles,MIN,38.0,N/A,8,2.9,0.0,0.0,0.8,0.1,0.0,0.3,0.0,0.0,0.0,0.0,0.0,0.0,4,4,119.6,114.69999999999999
Joel Embiid,PHI,31.0,N/A,9,25.1,18.2,5.6,3.0,0.8,1.3,15.0,5.9,2.3,0.407,0.214,0.44,0.849,5,4,116.9,116.10000000000001
John Collins,LAC,28.0,N/A,24,27.1,12.2,4.8,0.7,0.8,0.6,9.5,2.3,1.5,0.498,0.31,0.5526315789473685,0.796,6,18,111.6,116.8
John Konchar,MEM,29.0,N/A,22,13.0,3.0,2.7,1.2,0.9,0.3,2.3,0.4,0.3,0.51,0.321,0.6086956521739131,0.667,11,11,113.6,115.3
Johni Broome,PHI,23.0,N/A,6,6.5,1.7,2.2,0.7,0.3,0.0,3.3,0.7,0.3,0.2,0.0,0.21212121212121213,0.5,3,3,116.9,116.10000000000001
Johnny Furphy,IND,21.0,N/A,6,13.3,2.2,1.8,0.2,0.7,0.0,2.0,0.0,0.8,0.417,0.429,0.525,0.0,3,3,111.3,118.89999999999999
Johnny Juzang,MIN,24.0,N/A,8,2.8,1.1,0.4,0.1,0.0,0.0,1.1,0.3,0.1,0.333,0.286,0.5,0.5,6,2,119.6,114.69999999999999
Jonas Valančiūnas,DEN,33.0,N/A,23,12.5,8.2,4.6,1.2,0.2,0.6,5.8,1.9,1.0,0.567,0.222,0.5775862068965517,0.773,17,6,125.0,116.3
Jonathan Isaac,ORL,28.0,N/A,22,10.3,2.8,3.1,0.1,0.3,0.5,2.3,1.0,0.4,0.46,0.208,0.47826086956521746,0.5,13,9,117.8,113.39999999999999
Jonathan Kuminga,GSW,23.0,N/A,17,25.6,12.4,6.3,2.6,0.3,0.4,10.4,3.2,2.5,0.438,0.32,0.47596153846153844,0.741,9,8,113.5,111.7
Jonathan Mogbo,TOR,24.0,N/A,11,4.6,1.2,1.4,0.5,0.1,0.3,1.1,0.1,0.1,0.5,0.0,0.45454545454545453,1.0,3,8,115.8,113.89999999999999
Jordan Clarkson,NYK,33.0,N/A,24,20.1,9.9,2.0,1.7,0.4,0.2,8.6,1.7,1.2,0.43,0.289,0.5,0.8,17,7,120.5,111.9
Jordan Goodwin,PHX,27.0,N/A,21,20.5,8.5,4.2,2.0,1.4,0.1,7.8,0.6,1.1,0.433,0.355,0.5192307692307693,0.75,13,8,115.9,113.5
Jordan Hawkins,NOP,23.0,N/A,21,15.0,5.2,1.7,0.9,0.1,0.1,5.6,0.6,0.5,0.342,0.333,0.4285714285714286,0.667,2,19,113.0,123.6
Jordan McLaughlin,SAS,29.0,N/A,8,9.2,3.5,0.8,1.3,0.9,0.0,3.0,0.4,0.3,0.417,0.333,0.5333333333333333,1.0,6,2,119.6,115.3
Jordan Miller,LAC,25.0,N/A,4,13.6,8.5,2.3,0.8,0.5,0.0,4.8,3.0,0.8,0.474,0.5,0.6145833333333333,0.917,1,3,111.6,116.8
Jordan Poole,NOP,26.0,N/A,7,30.3,17.3,1.7,3.4,0.3,0.3,14.1,4.6,2.1,0.354,0.339,0.45744680851063835,0.969,1,6,113.0,123.6
Jordan Walsh,BOS,21.0,N/A,20,21.0,7.1,4.8,1.1,1.2,0.6,4.7,1.1,0.6,0.581,0.457,0.6595744680851063,0.81,14,6,117.3,110.6
Jose Alvarado,NOP,27.0,N/A,24,22.5,9.1,2.8,3.0,1.1,0.1,7.5,0.8,1.3,0.447,0.386,0.56,0.833,3,21,113.0,123.6
Josh Giddey,CHI,23.0,N/A,21,34.1,20.3,9.5,8.9,1.0,0.5,14.8,6.0,3.7,0.474,0.396,0.5337837837837838,0.74,9,12,117.3,122.6
Josh Hart,NYK,30.0,N/A,23,29.6,12.4,7.8,5.0,1.3,0.3,9.0,2.0,2.0,0.512,0.398,0.6,0.822,16,7,120.5,111.9
Josh Minott,BOS,23.0,N/A,23,19.1,7.3,4.7,1.3,0.7,0.5,5.2,1.0,0.7,0.513,0.446,0.6442307692307693,0.773,15,8,117.3,110.6
Josh Okogie,HOU,27.0,N/A,21,20.9,6.5,2.9,1.0,1.4,0.2,4.9,1.5,0.9,0.447,0.4,0.5510204081632653,0.742,15,6,120.9,110.30000000000001
Jrue Holiday,POR,35.0,N/A,12,33.4,16.7,5.3,8.3,1.6,0.3,13.8,2.1,2.9,0.446,0.365,0.5434782608695652,0.84,6,6,117.4,120.7
Julian Champagnie,SAS,24.0,N/A,23,28.8,11.2,5.3,1.4,1.0,0.4,8.4,2.1,1.0,0.42,0.378,0.5535714285714286,0.837,16,7,119.6,115.3
Julian Phillips,CHI,22.0,N/A,21,10.4,3.0,1.4,0.3,0.5,0.2,2.6,0.3,0.1,0.436,0.3,0.5,0.833,8,13,117.3,122.6
Julian Strawther,DEN,23.0,N/A,9,7.9,3.7,1.6,0.4,0.0,0.1,3.3,1.4,0.3,0.367,0.125,0.393939393939394,0.692,9,0,125.0,116.3
Julius Randle,MIN,31.0,N/A,24,33.7,22.9,7.1,6.0,1.0,0.2,15.5,6.9,2.7,0.499,0.356,0.5548387096774193,0.83,15,9,119.6,114.69999999999999
Justin Champagnie,WAS,24.0,N/A,20,13.1,4.7,3.8,0.9,0.7,0.4,3.5,1.5,0.4,0.443,0.24,0.5,0.862,2,18,112.4,128.3
Justin Edwards,PHI,21.0,N/A,20,17.2,6.2,1.9,1.4,0.7,0.3,5.4,0.6,0.9,0.407,0.362,0.5277777777777778,0.909,13,7,116.9,116.10000000000001
Jusuf Nurkić,UTA,31.0,N/A,22,24.1,8.2,9.2,3.7,1.5,0.4,7.4,2.4,2.5,0.451,0.219,0.4662162162162162,0.519,7,15,117.6,125.8
KJ Simpson,CHA,23.0,N/A,11,15.1,5.8,2.2,2.4,1.0,0.0,5.8,1.3,1.6,0.359,0.333,0.4310344827586207,0.643,3,8,114.2,118.3
Karl-Anthony Towns,NYK,30.0,N/A,23,33.0,22.1,12.0,3.3,0.8,0.8,15.6,6.6,2.5,0.464,0.355,0.5224358974358975,0.881,16,7,120.5,111.9
Karlo Matković,NOP,24.0,N/A,15,11.6,4.9,2.7,0.9,0.1,0.5,3.1,0.5,0.5,0.717,0.5,0.7580645161290323,0.375,2,13,113.0,123.6
Kasparas Jakučionis,MIA,19.0,N/A,1,0.9,0.0,0.0,0.0,1.0,0.0,2.0,0.0,0.0,0.0,0.0,0.0,0.0,1,0,121.7,118.2
Kawhi Leonard,LAC,34.0,N/A,14,31.7,25.4,5.5,3.0,1.9,0.4,18.4,5.1,1.9,0.492,0.39,0.5570652173913044,0.972,4,10,111.6,116.8
Keaton Wallace,ATL,26.0,N/A,23,14.6,4.3,1.5,2.8,0.7,0.1,3.9,0.4,0.7,0.4,0.404,0.5384615384615385,0.5,13,10,118.0,116.4
Keegan Murray,SAC,25.0,N/A,9,37.8,15.4,7.6,1.7,1.8,1.3,13.9,2.4,0.8,0.432,0.264,0.48920863309352514,0.773,3,6,111.4,122.0
Kel'el Ware,MIA,21.0,N/A,25,24.1,11.3,10.1,0.6,1.0,1.3,8.1,2.0,1.1,0.537,0.421,0.6049382716049383,0.816,14,11,121.7,118.2
Keldon Johnson,SAS,26.0,N/A,23,24.1,13.0,6.5,1.8,0.7,0.1,8.7,2.8,1.0,0.575,0.322,0.6206896551724139,0.766,16,7,119.6,115.3
Kelly Olynyk,SAS,34.0,N/A,13,11.1,4.7,2.5,1.5,0.5,0.0,3.0,1.5,0.8,0.513,0.35,0.5833333333333334,0.737,9,4,119.6,115.3
Kelly Oubre Jr.,PHI,30.0,N/A,12,34.8,16.8,5.1,1.3,1.1,0.8,12.4,3.2,1.5,0.497,0.343,0.5766129032258065,0.789,7,5,116.9,116.10000000000001
Kenrich Williams,OKC,31.0,N/A,6,15.8,6.2,3.0,2.2,0.0,0.0,4.2,1.0,0.7,0.56,0.545,0.6666666666666666,0.5,6,0,123.0,106.8
Kentavious Caldwell-Pope,MEM,32.0,N/A,24,21.9,7.6,2.3,3.1,0.7,0.2,6.5,1.6,1.3,0.382,0.346,0.47692307692307695,0.921,11,13,113.6,115.3
Keon Ellis,SAC,25.0,N/A,23,16.3,5.2,1.3,0.5,1.1,0.4,4.4,0.7,0.4,0.406,0.392,0.5568181818181818,0.563,5,18,111.4,122.0
Keshad Johnson,MIA,24.0,N/A,9,11.7,3.9,3.1,0.1,0.3,0.4,3.9,1.2,0.3,0.343,0.267,0.38461538461538464,0.636,6,3,121.7,118.2
Kevin Durant,HOU,37.0,N/A,19,35.3,25.3,4.8,3.9,1.0,0.6,17.4,6.7,2.8,0.505,0.384,0.5545977011494253,0.89,13,6,120.9,110.30000000000001
Kevin Huerter,CHI,27.0,N/A,19,24.1,11.9,3.3,2.4,0.8,0.7,9.6,1.7,1.3,0.473,0.3,0.5416666666666667,0.848,9,10,117.3,122.6
Kevin Love,UTA,37.0,N/A,14,14.6,5.5,4.3,1.8,0.3,0.4,4.1,1.3,0.8,0.414,0.349,0.5487804878048781,0.778,4,10,117.6,125.8
Kevin McCullar Jr.,NYK,24.0,N/A,1,1.2,3.0,1.0,0.0,0.0,0.0,1.0,0.0,0.0,1.0,1.0,1.5,0.0,1,0,120.5,111.9
Kevin Porter Jr.,MIL,25.0,N/A,6,28.9,21.8,3.5,5.8,2.2,0.3,12.8,4.5,2.3,0.558,0.618,0.6992187499999999,0.889,3,3,115.1,118.0
Kevon Looney,NOP,29.0,N/A,12,12.9,2.7,3.9,1.4,0.3,0.4,2.8,0.5,0.5,0.424,0.143,0.44642857142857145,0.5,2,10,113.0,123.6
Keyonte George,UTA,22.0,N/A,23,33.4,22.2,3.9,6.7,0.8,0.3,16.0,6.9,3.6,0.436,0.329,0.503125,0.905,8,15,117.6,125.8
Khaman Maluach,PHX,19.0,N/A,11,4.5,1.4,0.8,0.1,0.0,0.4,0.9,0.7,0.5,0.4,0.0,0.4444444444444445,0.875,6,5,115.9,113.5
Khris Middleton,WAS,34.0,N/A,16,25.8,10.4,4.2,3.5,0.7,0.4,8.5,1.6,1.8,0.493,0.35,0.5470588235294118,0.731,3,13,112.4,128.3
Klay Thompson,DAL,35.0,N/A,23,21.8,11.0,2.6,1.3,0.3,0.3,10.6,0.7,0.8,0.366,0.354,0.49528301886792453,0.8,7,16,111.8,116.1
Kobe Brown,LAC,25.0,N/A,16,12.0,3.8,2.2,1.1,0.4,0.1,3.2,0.8,0.6,0.412,0.273,0.5,0.833,3,13,111.6,116.8
Kobe Sanders,LAC,23.0,N/A,16,20.0,6.9,2.0,1.3,0.6,0.1,5.4,1.5,1.3,0.414,0.348,0.5185185185185185,0.917,4,12,111.6,116.8
Koby Brea,PHX,23.0,N/A,2,3.9,2.0,0.5,1.0,0.0,0.0,1.5,1.0,0.0,0.333,0.0,0.3333333333333333,1.0,1,1,115.9,113.5
Kon Knueppel,CHA,20.0,N/A,24,33.5,18.0,5.5,3.3,0.8,0.2,13.7,2.3,2.4,0.459,0.403,0.5839416058394161,0.909,7,17,114.2,118.3
Kris Dunn,LAC,31.0,N/A,24,26.3,7.7,2.8,2.7,1.7,0.2,6.2,1.1,1.2,0.483,0.345,0.5483870967741935,0.741,6,18,111.6,116.8
Kris Murray,POR,25.0,N/A,22,24.7,5.5,3.8,1.1,1.1,0.3,4.9,0.8,0.9,0.449,0.279,0.5,0.667,7,15,117.4,120.7
Kristaps Porziņģis,ATL,30.0,N/A,13,25.9,19.2,5.6,3.1,0.5,1.6,12.8,5.3,0.9,0.497,0.364,0.5703125,0.855,6,7,118.0,116.4
Kyle Anderson,UTA,32.0,N/A,8,18.3,7.5,2.8,3.3,1.5,0.4,5.6,1.9,0.9,0.533,1.0,0.5446428571428571,0.733,1,7,117.6,125.8
Kyle Filipowski,UTA,22.0,N/A,22,22.6,9.6,6.4,2.5,0.6,0.5,7.3,2.5,1.2,0.472,0.333,0.547945205479452,0.722,8,14,117.6,125.8
Kyle Kuzma,MIL,30.0,N/A,24,25.9,12.8,4.4,2.2,0.9,0.5,9.8,3.0,1.5,0.496,0.333,0.5357142857142857,0.732,10,14,115.1,118.0
Kyle Lowry,PHI,39.0,N/A,3,8.1,2.0,0.3,1.3,0.3,0.0,1.3,0.0,0.0,0.5,0.5,0.8076923076923075,0.0,3,0,116.9,116.10000000000001
Kyshawn George,WAS,21.0,N/A,20,31.5,15.2,5.9,4.8,1.1,0.9,11.5,2.6,3.4,0.47,0.45,0.5782608695652174,0.745,2,18,112.4,128.3
LaMelo Ball,CHA,24.0,N/A,16,28.9,19.4,6.0,8.5,1.1,0.2,17.3,4.1,3.3,0.386,0.285,0.45664739884393063,0.877,5,11,114.2,118.3
Lachlan Olbrich,CHI,21.0,N/A,5,7.2,0.4,2.2,0.6,0.0,0.0,1.2,0.0,0.4,0.167,0.0,0.16666666666666669,0.0,0,5,117.3,122.6
Landry Shamet,NYK,28.0,N/A,15,20.9,9.3,2.0,1.2,0.4,0.2,6.2,2.3,0.5,0.452,0.424,0.6048387096774194,0.794,9,6,120.5,111.9
Larry Nance Jr.,CLE,32.0,N/A,16,15.0,3.6,2.8,1.3,0.6,0.3,4.1,0.2,0.6,0.354,0.303,0.41463414634146345,0.333,10,6,118.6,115.39999999999999
Lauri Markkanen,UTA,28.0,N/A,22,35.1,27.6,6.5,2.0,0.8,0.4,19.5,6.8,1.2,0.472,0.361,0.5487179487179487,0.907,8,14,117.6,125.8
LeBron James,LAL,40.0,N/A,7,33.1,16.1,4.7,7.6,0.7,0.3,13.9,3.1,1.9,0.464,0.333,0.5179856115107914,0.545,6,1,118.3,116.1
Leonard Miller,MIN,22.0,N/A,9,4.3,1.7,1.2,0.4,0.2,0.0,1.3,0.6,0.4,0.5,0.0,0.5384615384615384,0.6,6,3,119.6,114.69999999999999
Liam McNeeley,CHA,20.0,N/A,18,14.1,4.9,2.4,0.9,0.2,0.1,3.7,1.3,0.6,0.394,0.409,0.5135135135135135,0.826,6,12,114.2,118.3
Lindy Waters III,SAS,28.0,N/A,11,7.5,2.3,1.2,0.5,0.2,0.0,2.1,0.0,0.1,0.391,0.333,0.5238095238095238,0.0,7,4,119.6,115.3
Lonzo Ball,CLE,28.0,N/A,18,23.5,5.5,4.6,4.9,1.2,0.3,6.3,0.7,1.8,0.292,0.266,0.39682539682539686,0.667,10,8,118.6,115.39999999999999
Luguentz Dort,OKC,26.0,N/A,15,29.1,8.0,3.9,1.1,1.0,0.4,7.3,0.9,0.7,0.382,0.312,0.4931506849315068,0.923,15,0,123.0,106.8
Luka Dončić,LAL,26.0,N/A,17,37.0,35.0,9.2,9.1,1.5,0.6,22.9,12.1,4.4,0.472,0.335,0.5502183406113538,0.81,13,4,118.3,116.1
Luka Garza,BOS,26.0,N/A,19,13.1,6.1,3.5,0.8,0.3,0.4,3.7,1.6,0.4,0.571,0.44,0.6486486486486486,0.774,11,8,117.3,110.6
Luke Kennard,ATL,29.0,N/A,22,20.7,7.6,2.0,2.3,0.9,0.0,5.5,1.0,1.0,0.479,0.438,0.6090909090909091,0.952,12,10,118.0,116.4
Luke Kornet,SAS,30.0,N/A,15,25.0,7.5,6.2,2.3,0.3,1.5,4.6,2.1,0.7,0.638,0.0,0.6304347826086957,0.781,11,4,119.6,115.3
Luke Travers,CLE,24.0,N/A,11,8.9,2.2,1.9,0.8,0.5,0.4,3.1,0.8,0.2,0.206,0.063,0.20967741935483872,1.0,6,5,118.6,115.39999999999999
Mac McClung,IND,26.0,N/A,3,11.3,6.3,1.3,0.3,1.7,0.3,6.0,1.3,0.7,0.389,0.2,0.44166666666666665,0.75,0,3,111.3,118.89999999999999
Malaki Branham,WAS,22.0,N/A,11,8.0,3.6,1.6,0.9,0.2,0.1,2.5,1.8,0.5,0.393,0.182,0.44000000000000006,0.8,1,10,112.4,128.3
Malik Monk,SAC,27.0,N/A,21,23.5,12.6,2.0,2.3,0.9,0.5,10.8,1.6,1.0,0.438,0.396,0.5185185185185185,0.853,5,16,111.4,122.0
Marcus Sasser,DET,25.0,N/A,1,4.2,0.0,0.0,2.0,0.0,0.0,1.0,0.0,0.0,0.0,0.0,0.0,0.0,1,0,118.7,113.2
Marcus Smart,LAL,31.0,N/A,14,26.8,9.3,2.3,2.9,1.8,0.3,7.4,2.3,1.9,0.408,0.254,0.47972972972972966,0.938,11,3,118.3,116.1
Mark Sears,MIL,23.0,N/A,7,3.7,3.1,0.3,0.3,0.0,0.0,1.9,1.1,0.6,0.462,0.5,0.631578947368421,0.75,1,6,115.1,118.0
Mark Williams,PHX,23.0,N/A,20,25.1,13.2,8.6,1.1,1.4,0.8,7.9,3.6,1.1,0.658,1.0,0.6645569620253164,0.764,13,7,115.9,113.5
Marvin Bagley III,WAS,26.0,N/A,18,17.8,8.5,4.8,1.3,0.6,0.8,5.8,1.8,0.9,0.606,0.444,0.6206896551724138,0.697,2,16,112.4,128.3
Mason Plumlee,CHA,35.0,N/A,10,9.4,1.7,2.9,1.1,0.4,0.0,0.6,1.1,0.6,0.833,0.0,0.8333333333333334,0.636,4,6,114.2,118.3
Matas Buzelis,CHI,21.0,N/A,23,28.6,14.0,5.7,1.6,0.9,1.4,10.9,2.9,2.1,0.464,0.33,0.5275229357798165,0.818,9,14,117.3,122.6
Matisse Thybulle,POR,28.0,N/A,4,12.2,5.0,1.0,0.8,2.5,0.0,2.5,1.0,0.3,0.6,0.667,0.8,1.0,2,2,117.4,120.7
Max Christie,DAL,22.0,N/A,25,28.9,11.8,3.2,1.9,0.4,0.4,8.3,1.6,1.2,0.488,0.466,0.6325301204819277,0.821,9,16,111.8,116.1
Maxi Kleber,LAL,33.0,N/A,10,12.1,1.8,1.8,0.6,0.2,0.3,1.5,0.4,0.2,0.4,0.375,0.5,0.75,6,4,118.3,116.1
Maxime Raynaud,SAC,22.0,N/A,16,16.8,8.1,4.4,1.0,0.3,0.5,6.2,1.7,0.8,0.525,0.308,0.5564516129032258,0.815,5,11,111.4,122.0
Micah Peavy,NOP,24.0,N/A,21,16.3,4.9,2.4,1.1,0.6,0.1,5.2,0.7,0.4,0.394,0.176,0.41346153846153844,0.714,2,19,113.0,123.6
Michael Porter Jr.,BKN,27.0,N/A,19,32.8,25.8,7.6,3.2,0.9,0.3,18.7,4.6,2.2,0.496,0.392,0.5909090909090909,0.818,6,13,109.4,117.2
Mikal Bridges,NYK,29.0,N/A,24,34.4,16.4,4.6,4.3,2.0,1.1,12.3,1.5,1.0,0.525,0.41,0.6219512195121951,0.806,17,7,120.5,111.9
Mike Conley,MIN,38.0,N/A,24,19.1,5.3,1.8,3.2,0.6,0.1,4.3,1.2,0.7,0.363,0.366,0.4767441860465116,0.931,15,9,119.6,114.69999999999999
Miles Bridges,CHA,27.0,N/A,24,34.7,21.0,6.3,3.6,0.6,0.5,17.0,4.8,1.6,0.425,0.308,0.5,0.852,7,17,114.2,118.3
Miles Kelly,DAL,22.0,N/A,2,5.6,1.0,2.0,0.0,0.0,0.0,1.0,0.0,0.5,0.5,0.0,0.5,0.0,1,1,111.8,116.1
Miles McBride,NYK,25.0,N/A,20,26.9,11.6,2.6,2.5,0.7,0.3,9.1,1.2,0.8,0.436,0.444,0.5934065934065935,0.792,16,4,120.5,111.9
Mitchell Robinson,NYK,27.0,N/A,16,17.5,3.6,8.2,1.1,0.8,0.9,2.4,1.6,0.8,0.667,0.0,0.6666666666666667,0.2,11,5,120.5,111.9
Mohamed Diawara,NYK,20.0,N/A,17,3.3,0.7,0.6,0.5,0.2,0.1,0.8,0.1,0.3,0.357,0.333,0.43749999999999994,0.0,12,5,120.5,111.9
Monte Morris,IND,30.0,N/A,6,10.8,3.0,1.2,1.5,0.2,0.2,3.3,0.7,0.3,0.35,0.25,0.40909090909090906,0.5,0,6,111.3,118.89999999999999
Moses Moody,GSW,23.0,N/A,23,24.9,11.7,3.2,1.4,0.9,0.7,9.0,2.3,1.2,0.406,0.392,0.5444444444444445,0.846,11,12,113.5,111.7
Mouhamed Gueye,ATL,23.0,N/A,25,17.2,5.8,3.8,1.0,0.6,0.6,4.9,0.7,0.7,0.496,0.269,0.5510204081632653,0.5,14,11,118.0,116.4
Moussa Cisse,DAL,23.0,N/A,18,10.1,2.9,3.3,0.2,0.2,1.1,1.9,1.5,0.7,0.618,0.0,0.631578947368421,0.407,5,13,111.8,116.1
Moussa Diabaté,CHA,23.0,N/A,23,22.4,8.7,7.8,1.2,0.7,1.0,5.1,3.1,0.8,0.636,0.0,0.6470588235294118,0.704,7,16,114.2,118.3
Myles Turner,MIL,29.0,N/A,25,28.7,12.6,5.7,1.7,0.9,1.6,9.6,2.6,1.1,0.438,0.392,0.5572916666666666,0.727,10,15,115.1,118.0
Myron Gardner,MIA,24.0,N/A,4,2.4,1.5,0.5,0.3,0.0,0.0,0.5,0.0,0.0,1.0,1.0,1.5,0.0,4,0,121.7,118.2
N'Faly Dante,ATL,24.0,N/A,4,3.9,0.8,1.8,0.0,0.5,0.0,1.0,0.3,0.3,0.25,0.0,0.3,1.0,3,1,118.0,116.4
Nae'Qwan Tomlin,CLE,24.0,N/A,16,17.0,7.2,3.4,0.6,0.9,0.8,5.8,1.6,0.4,0.489,0.188,0.5172413793103449,0.731,9,7,118.6,115.39999999999999
Naji Marshall,DAL,27.0,N/A,25,27.5,12.6,5.0,2.5,1.2,0.1,8.2,3.9,1.1,0.517,0.312,0.5731707317073171,0.804,9,16,111.8,116.1
Naz Reid,MIN,26.0,N/A,24,25.9,13.5,6.0,2.3,1.0,0.9,11.2,1.3,1.5,0.454,0.381,0.5580357142857143,0.767,15,9,119.6,114.69999999999999
Neemias Queta,BOS,26.0,N/A,22,24.2,10.1,8.2,1.7,0.7,1.4,6.8,2.0,0.8,0.658,0.0,0.6617647058823529,0.628,13,9,117.3,110.6
Nic Claxton,BKN,26.0,N/A,23,30.2,13.6,7.7,4.5,0.7,1.4,9.2,4.7,1.5,0.557,0.091,0.5543478260869565,0.694,6,17,109.4,117.2
Nick Richards,PHX,28.0,N/A,22,9.8,3.7,3.3,0.3,0.1,0.5,2.7,1.3,0.9,0.517,0.0,0.5185185185185185,0.679,12,10,115.9,113.5
Nick Smith Jr.,LAL,21.0,N/A,9,14.8,7.8,1.1,1.6,0.8,0.2,6.2,0.7,1.2,0.464,0.483,0.5967741935483871,0.667,5,4,118.3,116.1
Nickeil Alexander-Walker,ATL,27.0,N/A,23,32.7,20.7,3.5,3.4,1.0,0.7,15.1,4.2,2.2,0.468,0.391,0.5662251655629138,0.856,12,11,118.0,116.4
Nicolas Batum,LAC,36.0,N/A,24,19.4,4.4,2.8,0.8,0.9,0.4,3.8,0.3,0.7,0.378,0.376,0.5394736842105263,0.857,6,18,111.6,116.8
Nigel Hayes-Davis,PHX,30.0,N/A,17,8.9,1.5,1.3,0.4,0.4,0.1,2.1,0.1,0.4,0.333,0.083,0.35714285714285715,0.5,8,9,115.9,113.5
Nikola Jokić,DEN,30.0,N/A,23,34.9,29.2,12.3,11.0,1.3,0.8,17.1,7.2,3.5,0.612,0.414,0.6754385964912281,0.855,17,6,125.0,116.3
Nikola Jović,MIA,22.0,N/A,18,19.3,7.6,3.7,2.8,0.6,0.4,6.6,2.2,1.9,0.39,0.283,0.4621212121212122,0.718,9,9,121.7,118.2
Nikola Vučević,CHI,35.0,N/A,22,30.4,15.9,9.5,3.4,0.8,0.3,13.2,1.7,1.8,0.479,0.38,0.5492424242424243,0.789,9,13,117.3,122.6
Nique Clifford,SAC,23.0,N/A,20,16.2,4.5,2.6,1.5,0.4,0.3,4.1,0.9,0.8,0.407,0.333,0.48780487804878053,0.667,5,15,111.4,122.0
Noa Essengue,CHI,18.0,N/A,2,3.0,0.0,0.0,0.0,0.5,0.0,1.5,0.0,0.0,0.0,0.0,0.0,0.0,1,1,117.3,122.6
Noah Clowney,BKN,21.0,N/A,23,28.1,13.3,3.8,1.7,0.6,0.7,9.5,3.8,1.7,0.417,0.361,0.5421052631578948,0.818,6,17,109.4,117.2
Noah Penda,ORL,20.0,N/A,13,8.7,3.6,3.2,1.1,0.1,0.2,2.7,0.8,0.5,0.486,0.6,0.5740740740740741,0.636,6,7,117.8,113.39999999999999
Nolan Traore,BKN,19.0,N/A,4,8.8,1.8,0.3,1.3,0.5,0.0,2.3,0.5,0.5,0.222,0.333,0.32608695652173914,0.5,0,4,109.4,117.2
Norman Powell,MIA,32.0,N/A,20,30.7,24.6,3.8,2.4,1.2,0.3,16.3,6.1,1.9,0.5,0.436,0.598159509202454,0.861,12,8,121.7,118.2
OG Anunoby,NYK,28.0,N/A,15,30.6,15.7,5.3,1.9,1.9,0.7,12.0,2.2,1.8,0.478,0.394,0.5791666666666667,0.788,11,4,120.5,111.9
Obi Toppin,IND,27.0,N/A,3,27.4,14.0,6.7,1.7,1.0,0.0,12.0,3.0,2.0,0.417,0.176,0.4583333333333333,1.0,0,3,111.3,118.89999999999999
Ochai Agbaji,TOR,25.0,N/A,18,14.6,3.4,2.1,0.7,0.4,0.3,3.6,0.7,0.3,0.385,0.095,0.40277777777777773,0.769,9,9,115.8,113.89999999999999
Olivier-Maxence Prosper,MEM,23.0,N/A,13,9.4,4.1,2.4,0.5,0.2,0.1,2.8,1.8,0.4,0.405,0.111,0.44642857142857145,0.917,6,7,113.6,115.3
Onyeka Okongwu,ATL,24.0,N/A,24,30.7,16.0,7.4,3.0,0.9,1.1,12.1,2.6,1.9,0.507,0.355,0.578512396694215,0.758,13,11,118.0,116.4
Orlando Robinson,ORL,25.0,N/A,3,7.2,2.3,1.0,0.7,0.3,0.0,1.7,0.0,0.0,0.6,0.5,0.676470588235294,0.0,2,1,117.8,113.39999999999999
Oso Ighodaro,PHX,23.0,N/A,24,17.5,4.9,3.5,1.7,0.8,0.6,3.7,1.1,1.2,0.607,0.0,0.6216216216216215,0.385,14,10,115.9,113.5
Ousmane Dieng,OKC,22.0,N/A,16,12.6,3.9,1.7,0.9,0.1,0.3,3.4,0.4,0.4,0.418,0.393,0.5147058823529412,1.0,15,1,123.0,106.8
P.J. Washington,DAL,27.0,N/A,20,31.9,15.9,7.8,2.2,1.2,1.2,13.3,3.8,2.6,0.44,0.333,0.5037593984962406,0.684,6,14,111.8,116.1
PJ Hall,MEM,23.0,N/A,7,3.8,1.9,1.3,0.3,0.0,0.3,1.3,0.4,0.1,0.556,0.333,0.5769230769230769,0.667,2,5,113.6,115.3
Pacôme Dadiet,NYK,20.0,N/A,9,2.4,0.4,0.6,0.2,0.0,0.0,0.7,0.2,0.0,0.167,0.0,0.14285714285714288,1.0,7,2,120.5,111.9
Paolo Banchero,ORL,23.0,N/A,15,31.3,20.2,7.9,3.8,0.6,0.8,14.0,8.4,2.5,0.448,0.298,0.48928571428571427,0.778,8,7,117.8,113.39999999999999
Pascal Siakam,IND,31.0,N/A,23,34.2,24.5,7.0,4.1,1.3,0.5,18.6,7.0,2.2,0.481,0.366,0.532258064516129,0.683,6,17,111.3,118.89999999999999
Pat Connaughton,CHA,32.0,N/A,12,9.7,4.3,1.9,0.6,0.4,0.1,3.1,0.8,0.3,0.486,0.375,0.6129032258064515,0.667,3,9,114.2,118.3
Pat Spencer,GSW,29.0,N/A,17,15.8,7.4,2.4,3.2,0.7,0.1,6.1,1.2,0.9,0.466,0.444,0.5163934426229508,0.9,9,8,113.5,111.7
Patrick Williams,CHI,24.0,N/A,22,20.9,7.2,3.3,1.3,1.0,0.3,6.7,1.2,1.0,0.367,0.405,0.48507462686567165,0.667,8,14,117.3,122.6
Paul George,PHI,35.0,N/A,8,24.4,14.1,5.0,3.1,1.6,0.4,11.4,3.4,1.4,0.418,0.349,0.5043859649122807,0.815,5,3,116.9,116.10000000000001
Paul Reed,DET,26.0,N/A,18,12.0,6.7,4.6,1.2,0.8,0.7,4.4,1.1,1.1,0.646,0.462,0.6704545454545453,0.6,14,4,118.7,113.2
Payton Pritchard,BOS,27.0,N/A,24,32.4,17.1,4.3,5.0,0.8,0.1,14.0,2.1,1.3,0.449,0.34,0.5464285714285715,0.86,15,9,117.3,110.6
Pelle Larsson,MIA,24.0,N/A,24,21.9,8.7,2.5,3.2,0.5,0.2,6.7,2.3,1.0,0.444,0.338,0.5223880597014925,0.778,14,10,121.7,118.2
Pete Nance,MIL,25.0,N/A,5,3.1,3.2,0.6,0.2,0.0,0.0,1.8,0.0,0.0,0.667,0.571,0.888888888888889,0.0,0,5,115.1,118.0
Peyton Watson,DEN,23.0,N/A,23,27.2,10.3,5.1,1.7,0.9,1.2,7.9,2.1,1.3,0.492,0.375,0.5569620253164557,0.729,17,6,125.0,116.3
Precious Achiuwa,SAC,26.0,N/A,17,20.5,7.6,5.4,1.0,0.8,0.5,6.1,1.9,0.5,0.544,0.2,0.5573770491803279,0.455,4,13,111.4,122.0
Quentin Grimes,PHI,25.0,N/A,22,32.9,16.5,4.0,4.4,0.9,0.4,11.8,4.1,2.7,0.452,0.371,0.5508474576271186,0.857,12,10,116.9,116.10000000000001
Quenton Jackson,IND,27.0,N/A,5,20.1,11.8,3.4,3.6,1.0,0.2,7.4,3.6,1.2,0.541,0.5,0.6216216216216215,0.722,1,4,111.3,118.89999999999999
Quinten Post,GSW,25.0,N/A,25,17.5,7.4,4.0,1.3,0.6,0.6,6.1,0.6,0.8,0.451,0.35,0.5737704918032788,0.786,13,12,113.5,111.7
RJ Barrett,TOR,25.0,N/A,17,30.9,19.4,4.8,3.8,0.8,0.2,13.9,4.7,1.5,0.506,0.356,0.5755395683453237,0.725,12,5,115.8,113.89999999999999
Rasheer Fleming,PHX,21.0,N/A,12,5.6,2.0,1.3,0.2,0.3,0.2,2.3,0.4,0.3,0.296,0.188,0.3695652173913044,1.0,7,5,115.9,113.5
RayJ Dennis,LAC,24.0,N/A,13,12.9,4.9,1.6,2.0,0.2,0.3,5.5,0.7,1.1,0.306,0.316,0.3909090909090909,0.889,2,11,111.6,116.8
Rayan Rupert,POR,21.0,N/A,17,7.7,1.4,1.5,0.2,0.4,0.1,1.8,0.2,0.5,0.3,0.25,0.3333333333333333,0.5,8,9,117.4,120.7
Reed Sheppard,HOU,21.0,N/A,21,24.9,13.0,3.1,3.3,1.6,0.5,10.2,1.0,1.3,0.477,0.446,0.607843137254902,0.714,15,6,120.9,110.30000000000001
Riley Minix,SAS,25.0,N/A,3,2.8,3.0,0.7,0.3,0.3,0.0,2.0,0.0,0.0,0.667,0.333,0.725,0.0,2,1,119.6,115.3
Rob Dillingham,MIN,20.0,N/A,21,10.2,3.7,1.1,2.0,0.7,0.1,4.2,0.6,1.0,0.348,0.286,0.3928571428571428,0.692,13,8,119.6,114.69999999999999
Robert Williams III,POR,28.0,N/A,15,15.3,5.6,5.4,0.7,0.6,1.7,4.0,0.5,0.4,0.667,0.125,0.6875,0.429,5,10,117.4,120.7
Ron Harper Jr.,BOS,25.0,N/A,4,5.1,2.0,0.8,1.0,0.3,0.5,2.5,0.0,0.0,0.3,0.25,0.42000000000000004,0.0,3,1,117.3,110.6
Ronald Holland II,DET,20.0,N/A,24,21.1,8.0,3.3,1.6,1.7,0.3,7.4,1.7,1.4,0.401,0.265,0.45945945945945943,0.78,19,5,118.7,113.2
Royce O'Neale,PHX,32.0,N/A,24,29.9,10.8,5.4,3.0,1.3,0.3,8.8,0.4,1.4,0.427,0.414,0.6022727272727272,0.7,14,10,115.9,113.5
Rudy Gobert,MIN,33.0,N/A,24,31.3,11.1,10.1,1.9,0.4,1.5,6.2,3.8,1.5,0.736,0.0,0.7258064516129032,0.538,15,9,119.6,114.69999999999999
Rui Hachimura,LAL,27.0,N/A,22,33.1,14.0,3.9,0.8,0.5,0.2,10.1,1.6,1.0,0.536,0.462,0.6336633663366337,0.75,16,6,118.3,116.1
Russell Westbrook,SAC,37.0,N/A,24,28.8,13.9,7.0,7.3,1.4,0.2,11.9,2.5,3.3,0.437,0.374,0.5168067226890757,0.617,6,18,111.4,122.0
Ryan Dunn,PHX,22.0,N/A,19,23.6,7.7,5.1,1.8,1.4,0.6,6.8,0.9,0.8,0.457,0.314,0.5147058823529412,0.667,12,7,115.9,113.5
Ryan Kalkbrenner,CHA,23.0,N/A,22,25.5,9.0,6.7,0.5,0.7,1.9,4.7,1.9,1.2,0.798,0.0,0.8085106382978723,0.756,7,15,114.2,118.3
Ryan Nembhard,DAL,22.0,N/A,12,18.5,8.9,1.6,4.8,0.3,0.0,6.7,0.3,1.2,0.563,0.536,0.664179104477612,0.667,6,6,111.8,116.1
Ryan Rollins,MIL,23.0,N/A,25,32.3,17.5,4.2,6.0,1.6,0.3,14.2,2.2,2.6,0.476,0.39,0.5598591549295775,0.782,10,15,115.1,118.0
Saddiq Bey,NOP,26.0,N/A,24,29.3,14.3,5.9,2.2,1.0,0.1,11.3,3.0,0.6,0.456,0.349,0.5309734513274336,0.746,3,21,113.0,123.6
Sam Hauser,BOS,28.0,N/A,24,22.3,7.2,3.4,1.4,0.7,0.3,6.7,0.2,0.5,0.366,0.364,0.5298507462686567,0.75,15,9,117.3,110.6
Sam Merrill,CLE,29.0,N/A,12,25.9,13.9,2.1,2.3,0.5,0.3,9.7,1.3,0.8,0.466,0.444,0.654639175257732,0.938,9,3,118.6,115.39999999999999
Sandro Mamukelashvili,TOR,26.0,N/A,25,19.5,9.7,4.3,1.7,0.5,0.6,7.0,2.0,0.8,0.514,0.368,0.5857142857142856,0.776,14,11,115.8,113.89999999999999
Santi Aldama,MEM,24.0,N/A,24,26.0,13.1,6.5,3.0,1.0,0.7,10.7,2.5,1.1,0.469,0.33,0.5327102803738318,0.683,11,13,113.6,115.3
Scottie Barnes,TOR,24.0,N/A,26,33.9,19.7,7.8,5.3,1.4,1.6,15.1,3.8,2.4,0.501,0.383,0.5496688741721854,0.847,15,11,115.8,113.89999999999999
Seth Curry,GSW,35.0,N/A,2,16.0,7.0,2.0,1.5,1.0,0.0,4.5,0.0,0.0,0.667,0.5,0.7777777777777778,0.0,0,2,113.5,111.7
Shaedon Sharpe,POR,22.0,N/A,20,28.4,21.1,4.8,2.3,1.4,0.2,17.5,5.3,2.9,0.438,0.264,0.4857142857142857,0.8,7,13,117.4,120.7
Shai Gilgeous-Alexander,OKC,27.0,N/A,23,33.4,32.8,4.7,6.4,1.4,0.7,19.4,10.2,1.7,0.556,0.443,0.6134020618556701,0.881,22,1,123.0,106.8
Sharife Cooper,WAS,24.0,N/A,4,2.5,0.0,0.0,0.0,0.0,0.0,0.3,0.0,0.3,0.0,0.0,0.0,0.0,1,3,112.4,128.3
Sidy Cissoko,POR,21.0,N/A,19,18.4,4.9,2.2,1.3,0.5,0.2,4.3,0.9,1.0,0.402,0.319,0.48837209302325585,0.667,6,13,117.4,120.7
Simone Fontecchio,MIA,30.0,N/A,24,18.6,9.8,2.9,1.6,0.5,0.2,7.8,1.6,1.0,0.41,0.37,0.5448717948717949,0.821,14,10,121.7,118.2
Sion James,CHA,23.0,N/A,24,26.1,6.6,3.1,1.5,0.8,0.5,5.0,1.5,1.0,0.412,0.368,0.52,0.865,7,17,114.2,118.3
Spencer Jones,DEN,24.0,N/A,19,15.9,4.6,2.1,0.7,0.6,0.2,2.9,0.7,0.6,0.571,0.452,0.7068965517241379,0.643,14,5,125.0,116.3
Stephen Curry,GSW,37.0,N/A,16,31.0,27.9,3.7,4.0,1.3,0.6,19.4,5.4,3.1,0.471,0.391,0.5902061855670103,0.919,9,7,113.5,111.7
Stephon Castle,SAS,21.0,N/A,14,31.3,17.4,5.8,7.4,1.6,0.4,12.1,6.6,3.9,0.482,0.25,0.5247933884297521,0.71,10,4,119.6,115.3
Steven Adams,HOU,32.0,N/A,17,21.8,6.6,9.2,1.5,0.7,0.8,4.4,2.5,1.1,0.533,0.0,0.5454545454545454,0.762,13,4,120.9,110.30000000000001
Svi Mykhailiuk,UTA,28.0,N/A,23,26.0,9.0,2.7,2.1,0.5,0.1,7.2,0.3,0.9,0.476,0.372,0.5972222222222222,0.875,8,15,117.6,125.8
T.J. McConnell,IND,33.0,N/A,14,16.6,9.1,2.4,4.3,1.1,0.2,8.6,0.1,0.8,0.508,0.313,0.5348837209302326,1.0,5,9,111.3,118.89999999999999
Taelon Peter,IND,23.0,N/A,15,7.1,1.6,1.1,0.9,0.1,0.1,1.9,0.3,0.6,0.241,0.222,0.3684210526315789,0.8,3,12,111.3,118.89999999999999
Tari Eason,HOU,24.0,N/A,11,23.2,11.5,5.2,1.6,0.8,0.5,8.6,0.6,1.7,0.495,0.509,0.6453488372093024,0.714,8,3,120.9,110.30000000000001
Taurean Prince,MIL,31.0,N/A,8,21.1,6.1,1.6,1.0,0.8,0.3,4.8,0.4,0.6,0.447,0.429,0.59375,1.0,5,3,115.1,118.0
Taylor Hendricks,UTA,22.0,N/A,13,14.5,5.1,3.6,0.5,0.4,0.3,4.4,1.2,0.5,0.404,0.333,0.4886363636363636,0.733,4,9,117.6,125.8
Terance Mann,BKN,29.0,N/A,21,26.3,8.5,3.4,3.5,0.7,0.1,7.0,1.6,1.0,0.442,0.339,0.5142857142857143,0.824,4,17,109.4,117.2
Terrence Shannon Jr.,MIN,25.0,N/A,15,13.0,4.7,1.5,0.7,0.3,0.0,3.6,1.4,0.8,0.407,0.4,0.513888888888889,0.762,9,6,119.6,114.69999999999999
Thanasis Antetokounmpo,MIL,33.0,N/A,9,2.6,2.0,0.4,0.0,0.3,0.3,0.9,1.0,0.1,0.75,0.0,0.7777777777777777,0.667,3,6,115.1,118.0
Thomas Bryant,CLE,28.0,N/A,18,7.8,3.3,2.2,0.2,0.3,0.3,2.9,0.8,0.2,0.423,0.2,0.46551724137931033,0.733,10,8,118.6,115.39999999999999
Tidjane Salaün,CHA,20.0,N/A,11,14.7,6.5,3.8,0.6,0.5,0.2,4.0,1.4,0.6,0.523,0.5,0.6875,0.733,4,7,114.2,118.3
Tim Hardaway Jr.,DEN,33.0,N/A,23,24.9,12.2,2.0,1.5,0.5,0.1,8.9,1.8,0.3,0.461,0.425,0.6011235955056179,0.878,17,6,125.0,116.3
Tobias Harris,DET,33.0,N/A,14,29.7,14.7,5.1,2.4,0.4,0.3,11.5,3.0,1.1,0.453,0.379,0.5304347826086957,0.833,9,5,118.7,113.2
Tolu Smith,DET,25.0,N/A,2,11.1,8.5,5.5,1.0,0.5,0.5,4.0,3.5,0.5,0.75,0.0,0.75,0.714,1,1,118.7,113.2
Tony Bradley,IND,27.0,N/A,21,11.8,4.9,2.7,0.6,0.1,0.2,3.3,1.4,0.4,0.586,0.0,0.6060606060606061,0.724,4,17,111.3,118.89999999999999
Tosan Evbuomwan,NYK,24.0,N/A,4,1.8,0.0,0.5,0.0,0.0,0.0,0.3,0.0,0.0,0.0,0.0,0.0,0.0,4,0,120.5,111.9
Toumani Camara,POR,25.0,N/A,24,33.6,12.4,5.3,2.8,1.1,0.6,10.8,1.6,2.1,0.413,0.339,0.5277777777777778,0.692,9,15,117.4,120.7
Trae Young,ATL,27.0,N/A,5,27.8,17.8,2.0,7.8,0.8,0.2,14.0,7.8,2.0,0.371,0.192,0.40714285714285714,0.821,2,3,118.0,116.4
Trayce Jackson-Davis,GSW,25.0,N/A,15,12.7,4.3,3.2,1.1,0.3,0.6,3.1,1.6,0.5,0.532,0.0,0.5483870967741935,0.625,8,7,113.5,111.7
Tre Johnson,WAS,19.0,N/A,15,24.2,11.5,3.0,1.3,0.4,0.5,9.7,1.1,1.6,0.445,0.395,0.5463917525773196,0.813,1,14,112.4,128.3
Tre Jones,CHI,25.0,N/A,17,28.6,13.2,3.2,4.9,1.7,0.2,8.2,4.8,1.6,0.529,0.32,0.5670731707317074,0.852,7,10,117.3,122.6
Tre Mann,CHA,24.0,N/A,18,20.6,9.2,2.8,2.7,0.6,0.1,9.7,0.7,1.9,0.362,0.303,0.43814432989690727,0.923,6,12,114.2,118.3
Trendon Watford,PHI,25.0,N/A,14,20.4,8.9,4.6,3.6,0.4,0.2,6.3,2.1,1.5,0.534,0.389,0.5793650793650794,0.8,6,8,116.9,116.10000000000001
Trentyn Flowers,CHI,20.0,N/A,2,2.8,2.0,0.5,0.5,0.0,0.0,1.5,0.0,0.5,0.667,0.0,0.6666666666666666,0.0,0,2,117.3,122.6
Trey Alexander,NOP,22.0,N/A,3,12.5,4.7,1.3,1.3,0.3,0.3,3.0,0.0,0.3,0.667,0.667,0.7833333333333333,0.0,0,3,113.0,123.6
Trey Jemison III,NYK,26.0,N/A,3,3.5,0.0,1.0,0.0,0.0,0.0,0.0,0.0,0.3,0.0,0.0,,0.0,3,0,120.5,111.9
Trey Murphy III,NOP,25.0,N/A,23,35.7,21.0,6.4,3.6,1.7,0.2,15.3,4.0,2.1,0.477,0.362,0.5686274509803921,0.913,3,20,113.0,123.6
Tristan Vukcevic,WAS,22.0,N/A,19,11.7,6.5,2.3,1.1,0.4,0.5,4.7,2.0,1.1,0.478,0.25,0.5425531914893617,0.763,3,16,112.4,128.3
Tristan da Silva,ORL,24.0,N/A,25,23.6,10.1,4.0,1.2,0.8,0.2,8.4,1.1,1.0,0.45,0.378,0.5535714285714285,0.815,15,10,117.8,113.39999999999999
Tyler Herro,MIA,25.0,N/A,6,31.8,23.2,5.0,2.3,1.0,0.5,16.5,4.3,1.2,0.505,0.405,0.5787878787878789,0.923,3,3,121.7,118.2
Tyler Kolek,NYK,24.0,N/A,20,9.9,3.6,0.9,1.9,0.5,0.1,3.2,0.4,0.6,0.453,0.3,0.546875,0.625,14,6,120.5,111.9
Tyrese Martin,BKN,26.0,N/A,22,21.2,8.0,3.4,2.5,0.7,0.1,7.8,1.0,1.1,0.384,0.296,0.46794871794871795,0.727,5,17,109.4,117.2
Tyrese Maxey,PHI,25.0,N/A,23,39.9,31.5,4.7,7.2,1.7,0.9,22.9,7.3,2.7,0.467,0.391,0.5480349344978166,0.881,13,10,116.9,116.10000000000001
Tyrese Proctor,CLE,21.0,N/A,18,12.4,5.6,1.3,1.4,0.3,0.0,5.2,1.2,0.4,0.344,0.311,0.4519230769230769,0.857,11,7,118.6,115.39999999999999
Tyson Etienne,BKN,26.0,N/A,8,4.3,1.5,0.0,0.1,0.0,0.0,1.9,0.0,0.1,0.267,0.308,0.39473684210526316,0.0,1,7,109.4,117.2
Tyus Jones,ORL,29.0,N/A,25,14.1,2.4,0.8,2.1,0.6,0.1,2.7,0.1,0.4,0.338,0.268,0.40740740740740744,1.0,15,10,117.8,113.39999999999999
VJ Edgecombe,PHI,20.0,N/A,20,34.6,14.4,5.7,4.0,1.3,0.5,13.1,2.2,1.8,0.414,0.376,0.48473282442748095,0.767,12,8,116.9,116.10000000000001
Victor Wembanyama,SAS,21.0,N/A,12,34.7,26.2,12.9,4.0,1.1,3.6,18.4,7.0,3.6,0.502,0.345,0.5516304347826088,0.857,8,4,119.6,115.3
Vince Williams Jr.,MEM,25.0,N/A,19,22.2,7.8,4.4,5.3,0.9,0.6,7.8,1.5,2.3,0.349,0.277,0.42307692307692313,0.786,8,11,113.6,115.3
Vít Krejčí,ATL,25.0,N/A,21,23.6,10.1,2.3,1.8,0.8,0.3,7.0,0.8,0.9,0.503,0.458,0.6857142857142857,0.688,12,9,118.0,116.4
Walker Kessler,UTA,24.0,N/A,5,30.8,14.4,10.8,3.0,1.4,1.8,7.4,4.0,3.2,0.703,0.75,0.7837837837837838,0.7,2,3,117.6,125.8
Walter Clayton Jr.,UTA,22.0,N/A,19,17.2,6.8,2.2,3.7,0.5,0.2,5.5,1.3,1.4,0.433,0.315,0.5181818181818182,0.958,7,12,117.6,125.8
Wendell Carter Jr.,ORL,26.0,N/A,24,29.7,11.7,7.7,2.0,0.6,0.7,7.6,3.3,1.6,0.522,0.412,0.6052631578947368,0.785,15,9,117.8,113.39999999999999
Wendell Moore Jr.,DET,24.0,N/A,3,14.4,2.0,1.3,1.0,0.7,0.3,2.0,0.0,0.3,0.5,0.0,0.5,0.0,3,0,118.7,113.2
Will Richard,GSW,22.0,N/A,23,19.1,8.0,2.7,1.1,1.0,0.0,5.3,1.3,0.7,0.533,0.397,0.6509433962264151,0.774,12,11,113.5,111.7
Will Riley,WAS,19.0,N/A,16,10.0,3.9,1.8,0.8,0.3,0.0,3.3,0.8,0.6,0.472,0.294,0.5303030303030303,0.667,2,14,112.4,128.3
Xavier Tillman,BOS,26.0,N/A,11,9.4,2.8,2.2,0.5,0.5,0.2,2.5,0.0,0.4,0.5,0.231,0.58,0.0,7,4,117.3,110.6
Yang Hansen,POR,20.0,N/A,13,7.7,2.6,1.8,0.8,0.0,0.4,3.1,0.8,0.7,0.3,0.063,0.3064516129032258,0.9,5,8,117.4,120.7
Yanic Konan Niederhäuser,LAC,22.0,N/A,11,5.2,2.8,1.4,0.3,0.0,0.3,1.6,0.9,0.3,0.722,0.0,0.7499999999999999,0.5,3,8,111.6,116.8
Yves Missi,NOP,21.0,N/A,18,19.5,5.7,5.4,1.3,0.2,1.0,4.5,1.3,1.1,0.556,0.0,0.5555555555555556,0.542,1,17,113.0,123.6
Zaccharie Risacher,ATL,20.0,N/A,22,24.7,11.1,2.8,1.5,1.0,0.6,9.7,1.4,0.8,0.453,0.296,0.5206185567010311,0.677,13,9,118.0,116.4
Zach Collins,CHI,28.0,N/A,2,19.7,5.5,5.0,1.0,0.0,0.5,6.0,1.5,0.0,0.333,0.25,0.375,0.667,0,2,117.3,122.6
Zach Edey,MEM,23.0,N/A,11,25.8,13.6,11.1,1.1,0.6,1.9,8.9,2.9,2.4,0.633,0.2,0.6348314606741572,0.781,7,4,113.6,115.3
Zach LaVine,SAC,30.0,N/A,22,33.6,20.6,3.1,2.3,0.8,0.2,15.0,3.7,2.2,0.486,0.389,0.58,0.866,5,17,111.4,122.0
Zeke Nnaji,DEN,24.0,N/A,13,8.4,2.3,1.5,0.2,0.2,0.2,1.5,0.5,0.5,0.55,0.273,0.6,0.714,11,2,125.0,116.3
Ziaire Williams,BKN,24.0,N/A,20,22.9,9.6,2.7,0.7,0.8,0.5,7.9,2.1,1.1,0.395,0.301,0.5,0.829,6,14,109.4,117.2
Zion Williamson,NOP,25.0,N/A,10,30.9,22.1,5.6,4.0,1.6,0.5,14.5,10.1,3.1,0.51,0.0,0.5103448275862069,0.723,1,9,113.0,123.6
